    2    2    4      0.05
    2    3    5     13.65
    2    4    6     17.21
    2    5    7     27.44
    2    6    8     30.75
    2    7    9     42.50
    2    8   10     50.67
    2    9   11     65.46
    2   10   12     75.04
    2   11   13     89.34
    2   12   14     98.93
    3    2    5     13.97
    3    3    6     11.63
    3    4    7     14.73
    3    5    8     21.66
    3    6    9     24.22
    3    7   10     32.56
    3    8   11     39.67
    3    9   12     51.15
    3   10   13     59.85
    3   11   14     71.24
    3   12   15     80.16
    4    2    6     18.45
    4    3    7     15.58
    4    4    8      6.28
    4    5    9     12.54
    4    6   10     12.02
    4    7   11     19.59
    4    8   12     23.55
    4    9   13     34.20
    4   10   14     39.97
    4   11   15     50.70
    4   12   16     56.99
    4   13   17     68.30
    4   14   18     75.13
    4   15   19     87.80
    4   16   20     97.62
    4   17   21    111.51
    4   18   22    122.20
    5    2    7     29.78
    5    3    8     23.56
    5    4    9     13.57
    5    5   10      9.44
    5    6   11      8.26
    5    7   12     12.81
    5    8   13     16.00
    5    9   14     23.77
    5   10   15     28.84
    5   11   16     36.95
    5   12   17     42.68
    5   13   18     51.58
    5   14   19     57.96
    5   15   20     68.39
    5   16   21     77.76
    5   17   22     89.57
    5   18   23     99.90
    6    2    8     35.16
    6    3    9     28.07
    6    4   10     14.93
    6    5   11     10.09
    6    7   13      3.84
    6    8   14      4.14
    6    9   15     11.22
    6   10   16     13.60
    6   11   17     21.13
    6   12   18     24.38
    6   13   19     32.78
    6   14   20     36.86
    6   15   21     46.84
    6   16   22     54.07
    6   17   23     65.50
    6   18   24     73.83
    6   19   25     85.92
    6   20   26     94.56
    7    3   10     38.83
    7    4   11     24.85
    7    5   12     16.93
    7    6   13      6.11
    7    7   14      2.03
    7    8   15      1.55
    7    9   16      5.86
    7   10   17      7.56
    7   11   18     12.57
    7   12   19     15.24
    7   13   20     21.33
    7   14   21     24.92
    7   15   22     32.73
    7   16   23     39.49
    7   17   24     48.88
    7   18   25     56.81
    7   19   26     67.00
    7   20   27     75.31
    7   21   28     87.40
    7   22   29     96.93
    8    2   10     59.97
    8    3   11     48.21
    8    4   12     31.02
    8    5   13     22.29
    8    6   14      8.56
    8    7   15      3.71
    8    8   16     -4.84
    8    9   17     -0.17
    8   10   18     -2.62
    8   11   19      2.56
    8   12   20      2.57
    8   13   21      8.20
    8   14   22     10.41
    8   15   23     17.72
    8   16   24     22.14
    8   17   25     30.93
    8   18   26     36.75
    8   19   27     46.58
    8   20   28     53.73
    8   21   29     65.03
    8   22   30     72.83
    8   23   31     82.30
    8   24   32     91.32
    8   25   33    104.63
    8   26   34    113.70
    9    3   12     62.85
    9    4   13     44.75
    9    5   14     33.05
    9    6   15     18.60
    9    7   16     10.97
    9    8   17      1.90
    9    9   18      1.21
    9   10   19     -3.08
    9   11   20      0.10
    9   12   21     -0.68
    9   13   22      3.08
    9   14   23      4.24
    9   15   24      9.32
    9   16   25     12.81
    9   17   26     19.94
    9   18   27     24.99
    9   19   28     33.22
    9   20   29     39.88
    9   21   30     49.32
    9   22   31     53.55
    9   23   32     63.38
    9   24   33     72.02
    9   25   34     83.79
    9   26   35     93.12
    9   27   36    104.00
    9   28   37    110.24
    9   29   38    124.51
   10    3   13     75.09
   10    4   14     53.98
   10    5   15     41.52
   10    6   16     24.34
   10    7   17     15.99
   10    8   18      3.21
   10    9   19      0.47
   10   10   20     -7.72
   10   11   21     -5.87
   10   12   22     -8.69
   10   13   23     -5.01
   10   14   24     -5.98
   10   15   25     -0.98
   10   16   26      1.02
   10   17   27      7.25
   10   18   28     10.02
   10   19   29     17.83
   10   20   30     22.44
   10   21   31     29.13
   10   22   32     33.32
   10   23   33     42.96
   10   24   34     49.56
   10   25   35     60.85
   10   26   36     68.78
   10   27   37     79.59
   10   28   38     84.85
   10   29   39     98.86
   10   30   40    107.82
   10   31   41    118.93
   11    5   16     53.40
   11    6   17     35.60
   11    7   18     24.70
   11    8   19     11.47
   11    9   20      6.16
   11   10   21     -2.82
   11   11   22     -4.93
   11   12   23     -9.82
   11   13   24     -7.43
   11   14   25     -8.97
   11   15   26     -5.89
   11   16   27     -5.18
   11   17   28     -0.73
   11   18   29      2.48
   11   19   30      8.21
   11   20   31     12.25
   11   21   32     18.44
   11   22   33     23.14
   11   23   34     30.00
   11   24   35     36.19
   11   25   36     45.38
   11   26   37     52.41
   11   27   38     61.44
   11   28   39     68.78
   11   29   40     80.14
   11   30   41     88.51
   11   31   42     99.15
   11   32   43    107.71
   11   33   44    118.77
   12    4   16     79.06
   12    5   17     63.27
   12    6   18     42.92
   12    7   19     31.41
   12    8   20     16.07
   12    9   21      9.86
   12   10   22     -1.50
   12   11   23     -5.84
   12   12   24    -14.08
   12   13   25    -12.52
   12   14   26    -16.39
   12   15   27    -12.54
   12   16   28    -14.50
   12   17   29     -9.34
   12   18   30     -9.14
   12   19   31     -3.55
   12   20   32     -1.42
   12   21   33      5.36
   12   22   34      7.89
   12   23   35     14.92
   12   24   36     19.16
   12   25   37     27.56
   12   26   38     32.74
   12   27   39     41.12
   12   28   40     45.42
   12   29   41     58.18
   12   30   42     65.52
   12   31   43     76.28
   12   32   44     78.06
   12   33   45     95.37
   12   34   46    101.10
   12   35   47    115.53
   13    7   20     42.02
   13    8   21     26.48
   13    9   22     18.04
   13   10   23      6.45
   13   11   24      0.40
   13   12   25     -8.45
   13   13   26    -10.77
   13   14   27    -16.90
   13   15   28    -15.48
   13   16   29    -16.44
   13   17   30    -14.48
   13   18   31    -14.40
   13   19   32    -10.76
   13   20   33     -9.07
   13   21   34     -4.21
   13   22   35     -1.54
   13   23   36      4.39
   13   24   37      8.29
   13   25   38     15.18
   13   26   39     20.06
   13   27   40     28.15
   13   28   41     30.43
   13   29   42     41.11
   13   30   43     49.47
   13   31   44     58.38
   13   32   45     61.22
   13   33   46     76.24
   13   34   47     84.70
   13   35   48     95.83
   13   36   49    105.02
   13   37   50    115.13
   13   38   51    123.86
   14    6   20     64.95
   14    7   21     50.54
   14    8   22     33.17
   14    9   23     23.60
   14   10   24      9.82
   14   11   25      3.20
   14   12   26     -8.35
   14   13   27    -12.73
   14   14   28    -21.10
   14   15   29    -20.38
   14   16   30    -22.48
   14   17   31    -20.51
   14   18   32    -22.30
   14   19   33    -19.29
   14   20   34    -19.51
   14   21   35    -14.76
   14   22   36    -13.37
   14   23   37     -7.95
   14   24   38     -5.73
   14   25   39      0.88
   14   26   40      4.82
   14   27   41      9.78
   14   28   42     12.87
   14   29   43     22.62
   14   30   44     29.17
   14   31   45     38.44
   14   32   46     42.28
   14   33   47     55.21
   14   34   48     62.62
   14   35   49     73.26
   14   36   50     81.03
   14   37   51     92.00
   14   38   52     99.17
   14   39   53    109.51
   14   40   54    117.75
   15    7   22     63.20
   15    8   23     45.66
   15    9   24     33.78
   15   10   25     20.52
   15   11   26     11.39
   15   12   27      1.05
   15   13   28     -6.50
   15   14   29    -15.89
   15   15   30    -17.43
   15   16   31    -21.94
   15   17   32    -21.75
   15   18   33    -24.00
   15   19   34    -22.78
   15   20   35    -23.46
   15   21   36    -20.42
   15   22   37    -19.44
   15   23   38    -15.19
   15   24   39    -13.41
   15   25   40     -8.35
   15   26   41     -5.48
   15   27   42      0.62
   15   28   43      3.19
   15   29   44     11.64
   15   30   45     17.18
   15   31   46     24.86
   15   32   47     29.18
   15   33   48     39.81
   15   34   49     46.60
   15   35   50     56.55
   15   36   51     64.34
   15   37   52     73.74
   15   38   53     81.71
   15   39   54     91.06
   15   40   55     98.86
   15   41   56    109.64
   15   42   57    118.58
   16    7   23     75.52
   16    8   24     55.74
   16    9   25     43.40
   16   10   26     27.74
   16   11   27     17.22
   16   12   28      3.88
   16   13   29     -2.70
   16   14   30    -12.30
   16   15   31    -16.59
   16   16   32    -23.75
   16   17   33    -24.37
   16   18   34    -28.32
   16   19   35    -27.57
   16   20   36    -29.95
   16   21   37    -27.26
   16   22   38    -27.78
   16   23   39    -24.30
   16   24   40    -23.88
   16   25   41    -19.20
   16   26   42    -17.79
   16   27   43    -12.15
   16   28   44     -9.38
   16   29   45     -2.64
   16   30   46      1.72
   16   31   47      9.22
   16   32   48     14.05
   16   33   49     22.25
   16   34   50     27.65
   16   35   51     37.67
   16   36   52     44.48
   16   37   53     53.87
   16   38   54     60.74
   16   39   55     70.61
   16   40   56     77.62
   16   41   57     87.57
   16   42   58     95.55
   16   43   59    108.22
   16   44   60    117.20
   17    8   25     70.02
   17    9   26     54.31
   17   10   27     39.29
   17   11   28     28.26
   17   12   29     14.83
   17   13   30      4.91
   17   14   31     -5.38
   17   15   32    -11.47
   17   16   33    -19.01
   17   17   34    -23.12
   17   18   35    -28.11
   17   19   36    -28.40
   17   20   37    -31.19
   17   21   38    -30.27
   17   22   39    -31.12
   17   23   40    -28.68
   17   24   41    -28.57
   17   25   42    -25.27
   17   26   43    -24.05
   17   27   44    -19.91
   17   28   45    -18.31
   17   29   46    -12.63
   17   30   47     -8.64
   17   31   48     -2.06
   17   32   49      2.62
   17   33   50      9.89
   17   34   51     15.29
   17   35   52     23.56
   17   36   53     30.24
   17   37   54     38.73
   17   38   55     45.90
   17   39   56     54.66
   17   40   57     61.71
   17   41   58     69.42
   17   42   59     76.33
   17   43   60     85.75
   17   44   61     92.41
   17   45   62    102.60
   17   46   63    111.67
   18    9   27     64.71
   18   10   28     45.81
   18   11   29     35.41
   18   12   30     19.95
   18   13   31     10.79
   18   14   32     -2.12
   18   15   33     -7.76
   18   16   34    -17.03
   18   17   35    -22.48
   18   18   36    -29.56
   18   19   37    -30.96
   18   20   38    -35.38
   18   21   39    -34.77
   18   22   40    -36.53
   18   23   41    -34.39
   18   24   42    -35.62
   18   25   43    -32.88
   18   26   44    -33.30
   18   27   45    -30.03
   18   28   46    -28.99
   18   29   47    -24.03
   18   30   48    -21.24
   18   31   49    -14.88
   18   32   50    -11.47
   18   33   51     -4.48
   18   34   52     -0.29
   18   35   53      7.56
   18   36   54     12.86
   18   37   55     20.22
   18   38   56     24.98
   18   39   57     34.13
   18   40   58     40.49
   18   41   59     49.31
   18   42   60     55.56
   18   43   61     64.38
   18   44   62     70.32
   18   45   63     80.57
   18   46   64     88.39
   18   47   65     99.44
   18   48   66    108.94
   18   49   67    119.56
   19   10   29     61.63
   19   11   30     48.08
   19   12   31     32.16
   19   13   32     20.62
   19   14   33      7.40
   19   15   34     -0.99
   19   16   35    -10.68
   19   17   36    -16.91
   19   18   37    -24.93
   19   19   38    -28.87
   19   20   39    -34.39
   19   21   40    -35.36
   19   22   41    -37.78
   19   23   42    -36.97
   19   24   43    -38.55
   19   25   44    -37.32
   19   26   45    -38.06
   19   27   46    -35.71
   19   28   47    -35.44
   19   29   48    -31.61
   19   30   49    -28.86
   19   31   50    -23.51
   19   32   51    -19.78
   19   33   52    -13.77
   19   34   53     -9.53
   19   35   54     -2.68
   19   36   55      2.52
   19   37   56      8.92
   19   38   57     14.11
   19   39   58     21.93
   19   40   59     27.01
   19   41   60     34.92
   19   42   61     40.78
   19   43   62     48.96
   19   44   63     55.59
   19   45   64     66.21
   19   46   65     72.98
   19   47   66     82.44
   19   48   67     89.86
   19   49   68     99.39
   19   50   69    107.00
   19   51   70    117.43
   20   10   30     72.94
   20   11   31     58.76
   20   12   32     40.83
   20   13   33     28.78
   20   14   34     13.66
   20   15   35      4.90
   20   16   36     -6.51
   20   17   37    -13.13
   20   18   38    -22.88
   20   19   39    -27.99
   20   20   40    -35.44
   20   21   41    -36.65
   20   22   42    -40.86
   20   23   43    -40.40
   20   24   44    -43.48
   20   25   45    -42.47
   20   26   46    -44.70
   20   27   47    -43.06
   20   28   48    -43.79
   20   29   49    -40.30
   20   30   50    -38.65
   20   31   51    -33.55
   20   32   52    -31.07
   20   33   53    -25.39
   20   34   54    -22.46
   20   35   55    -16.25
   20   36   56    -12.82
   20   37   57     -5.29
   20   38   58     -1.99
   20   39   59      5.59
   20   40   60     10.47
   20   41   61     17.78
   20   42   62     23.10
   20   43   63     31.94
   20   44   64     37.53
   20   45   65     46.38
   20   46   66     52.43
   20   47   67     61.47
   20   48   68     67.90
   20   49   69     77.27
   20   50   70     83.65
   20   51   71     94.58
   20   52   72    102.73
   20   53   73    113.66
   21   11   32     70.75
   21   12   33     54.23
   21   13   34     40.37
   21   14   35     25.05
   21   15   36     14.67
   21   16   37      2.91
   21   17   38     -5.46
   21   18   39    -15.45
   21   19   40    -22.21
   21   20   41    -29.89
   21   21   42    -33.58
   21   22   43    -38.70
   21   23   44    -39.83
   21   24   45    -43.29
   21   25   46    -43.77
   21   26   47    -46.43
   21   27   48    -45.66
   21   28   49    -46.89
   21   29   50    -44.53
   21   30   51    -43.40
   21   31   52    -39.36
   21   32   53    -36.84
   21   33   54    -32.03
   21   34   55    -29.17
   21   35   56    -23.84
   21   36   57    -20.44
   21   37   58    -14.59
   21   38   59    -10.99
   21   39   60     -4.83
   21   40   61     -1.02
   21   41   62      6.67
   21   42   63     11.68
   21   43   64     18.97
   21   44   65     24.37
   21   45   66     32.16
   21   46   67     37.96
   21   47   68     46.09
   21   48   69     52.34
   21   49   70     60.76
   21   50   71     67.62
   21   51   72     77.04
   21   52   73     84.94
   21   53   74     94.90
   21   54   75    103.72
   21   55   76    114.94
   22   12   34     63.45
   22   13   35     49.64
   22   14   36     33.53
   22   15   37     22.63
   22   16   38      9.21
   22   17   39      0.58
   22   18   40    -10.40
   22   19   41    -17.48
   22   20   42    -26.90
   22   21   43    -31.52
   22   22   44    -38.83
   22   23   45    -40.25
   22   24   46    -45.10
   22   25   47    -45.86
   22   26   48    -49.89
   22   27   49    -50.13
   22   28   50    -52.30
   22   29   51    -50.34
   22   30   52    -50.22
   22   31   53    -46.56
   22   32   54    -45.53
   22   33   55    -41.20
   22   34   56    -39.58
   22   35   57    -34.26
   22   36   58    -32.12
   22   37   59    -26.47
   22   38   60    -23.95
   22   39   61    -18.00
   22   40   62    -14.68
   22   41   63     -7.55
   22   42   64     -4.07
   22   43   65      3.59
   22   44   66      7.75
   22   45   67     15.43
   22   46   68     20.41
   22   47   69     28.39
   22   48   70     33.65
   22   49   71     41.82
   22   50   72     47.47
   22   51   73     57.16
   22   52   74     64.43
   22   53   75     74.62
   22   54   76     82.79
   22   55   77     93.69
   22   56   78    102.38
   22   57   79    111.73
   22   58   80    120.75
   23   13   36     62.54
   23   14   37     45.71
   23   15   38     33.84
   23   16   39     19.86
   23   17   40     10.22
   23   18   41     -0.89
   23   19   42     -9.43
   23   20   43    -19.20
   23   21   44    -25.27
   23   22   45    -32.96
   23   23   46    -36.43
   23   24   47    -42.36
   23   25   48    -45.59
   23   26   49    -48.85
   23   27   50    -50.49
   23   28   51    -52.84
   23   29   52    -52.14
   23   30   53    -52.25
   23   31   54    -49.73
   23   32   55    -49.21
   23   33   56    -45.76
   23   34   57    -44.44
   23   35   58    -40.31
   23   36   59    -38.49
   23   37   60    -33.56
   23   38   61    -31.18
   23   39   62    -26.17
   23   40   63    -23.29
   23   41   64    -16.89
   23   42   65    -13.49
   23   43   66     -7.82
   23   44   67     -3.08
   23   45   68      3.40
   23   46   69      8.08
   23   47   70     15.15
   23   48   71     20.46
   23   49   72     27.63
   23   50   73     33.32
   23   51   74     42.08
   23   52   75     49.41
   23   53   76     58.85
   23   54   77     66.68
   23   55   78     76.33
   23   56   79     84.45
   23   57   80     94.33
   23   58   81    102.91
   23   59   82    113.18
   23   60   83    122.23
   24   14   38     55.65
   24   15   39     43.31
   24   16   40     28.04
   24   17   41     17.70
   24   18   42      5.44
   24   19   43     -3.49
   24   20   44    -14.66
   24   21   45    -21.08
   24   22   46    -30.12
   24   23   47    -34.64
   24   24   48    -42.51
   24   25   49    -46.29
   24   26   50    -50.60
   24   27   51    -52.76
   24   28   52    -56.35
   24   29   53    -55.99
   24   30   54    -57.47
   24   31   55    -55.16
   24   32   56    -55.80
   24   33   57    -52.64
   24   34   58    -52.48
   24   35   59    -48.68
   24   36   60    -47.91
   24   37   61    -42.70
   24   38   62    -41.18
   24   39   63    -36.03
   24   40   64    -34.95
   24   41   65    -28.74
   24   42   66    -26.33
   24   43   67    -20.50
   24   44   68    -17.34
   24   45   69    -11.09
   24   46   70     -7.36
   24   47   71     -0.33
   24   48   72      4.13
   24   49   73     11.23
   24   50   74     16.02
   24   51   75     24.73
   24   52   76     31.21
   24   53   77     40.44
   24   54   78     47.29
   24   55   79     56.85
   24   56   80     65.14
   24   57   81     74.81
   24   58   82     82.57
   24   59   83     92.36
   24   60   84    100.53
   24   61   85    110.96
   24   62   86    119.45
   25   15   40     56.06
   25   16   41     40.12
   25   17   42     28.84
   25   18   43     15.02
   25   19   44      5.47
   25   20   45     -5.92
   25   21   46    -13.80
   25   22   47    -23.16
   25   23   48    -30.03
   25   24   49    -38.58
   25   25   50    -42.74
   25   26   51    -49.11
   25   27   52    -51.49
   25   28   53    -55.42
   25   29   54    -56.16
   25   30   55    -57.70
   25   31   56    -56.57
   25   32   57    -57.42
   25   33   58    -55.50
   25   34   59    -55.57
   25   35   60    -52.95
   25   36   61    -52.15
   25   37   62    -48.42
   25   38   63    -47.19
   25   39   64    -42.98
   25   40   65    -40.95
   25   41   66    -36.25
   25   42   67    -34.48
   25   43   68    -29.29
   25   44   69    -26.39
   25   45   70    -20.94
   25   46   71    -17.44
   25   47   72    -11.52
   25   48   73     -7.38
   25   49   74     -1.26
   25   50   75      3.38
   25   51   76     11.38
   25   52   77     17.99
   25   53   78     26.46
   25   54   79     33.35
   25   55   80     42.24
   25   56   81     49.42
   25   57   82     59.16
   25   58   83     67.00
   25   59   84     76.19
   25   60   85     83.85
   25   61   86     93.54
   25   62   87    101.79
   25   63   88    111.75
   25   64   89    119.89
   26   16   42     49.40
   26   17   43     37.99
   26   18   44     23.62
   26   19   45     12.91
   26   20   46     -0.02
   26   21   47     -8.12
   26   22   48    -18.93
   26   23   49    -25.08
   26   24   50    -34.60
   26   25   51    -40.82
   26   26   52    -48.35
   26   27   53    -51.93
   26   28   54    -57.08
   26   29   55    -58.12
   26   30   56    -60.72
   26   31   57    -60.01
   26   32   58    -61.98
   26   33   59    -60.19
   26   34   60    -61.49
   26   35   61    -59.16
   26   36   62    -59.41
   26   37   63    -56.02
   26   38   64    -55.99
   26   39   65    -52.41
   26   40   66    -51.52
   26   41   67    -46.53
   26   42   68    -45.36
   26   43   69    -40.23
   26   44   70    -38.25
   26   45   71    -33.08
   26   46   72    -30.56
   26   47   73    -24.74
   26   48   74    -21.61
   26   49   75    -15.59
   26   50   76    -11.98
   26   51   77     -3.97
   26   52   78      1.85
   26   53   79     10.08
   26   54   80     16.55
   26   55   81     25.49
   26   56   82     31.98
   26   57   83     41.16
   26   58   84     48.57
   26   59   85     57.77
   26   60   86     64.45
   26   61   87     74.04
   26   62   88     81.63
   26   63   89     91.22
   26   64   90     98.68
   26   65   91    109.43
   26   66   92    116.36
   27   17   44     50.51
   27   18   45     34.72
   27   19   46     23.33
   27   20   47      9.58
   27   21   48      0.26
   27   22   49    -11.21
   27   23   50    -18.71
   27   24   51    -28.68
   27   25   52    -35.08
   27   26   53    -43.78
   27   27   54    -48.21
   27   28   55    -54.92
   27   29   56    -56.56
   27   30   57    -59.80
   27   31   58    -59.90
   27   32   59    -61.97
   27   33   60    -61.39
   27   34   61    -62.70
   27   35   62    -61.17
   27   36   63    -61.80
   27   37   64    -59.49
   27   38   65    -59.61
   27   39   66    -56.92
   27   40   67    -56.24
   27   41   68    -52.58
   27   42   69    -51.44
   27   43   70    -47.38
   27   44   71    -45.50
   27   45   72    -41.22
   27   46   73    -38.83
   27   47   74    -34.02
   27   48   75    -31.17
   27   49   76    -26.07
   27   50   77    -22.48
   27   51   78    -15.36
   27   52   79     -9.68
   27   53   80     -2.05
   27   54   81      4.18
   27   55   82     12.34
   27   56   83     18.72
   27   57   84     27.49
   27   58   85     34.78
   27   59   86     43.11
   27   60   87     49.91
   27   61   88     58.60
   27   62   89     65.96
   27   63   90     74.96
   27   64   91     82.19
   27   65   92     92.22
   27   66   93    100.32
   27   67   94    109.53
   27   68   95    117.79
   27   69   96    127.66
   28   18   46     44.73
   28   19   47     32.20
   28   20   48     17.59
   28   21   49      7.83
   28   22   50     -4.66
   28   23   51    -12.38
   28   24   52    -23.57
   28   25   53    -30.40
   28   26   54    -40.40
   28   27   55    -46.39
   28   28   56    -54.40
   28   29   57    -56.88
   28   30   58    -60.84
   28   31   59    -61.30
   28   32   60    -64.64
   28   33   61    -64.18
   28   34   62    -66.44
   28   35   63    -65.26
   28   36   64    -66.96
   28   37   65    -65.23
   28   38   66    -66.27
   28   39   67    -64.12
   28   40   68    -64.31
   28   41   69    -60.41
   28   42   70    -60.47
   28   43   71    -56.32
   28   44   72    -55.19
   28   45   73    -51.09
   28   46   74    -49.52
   28   47   75    -45.13
   28   48   76    -43.12
   28   49   77    -38.13
   28   50   78    -36.04
   28   51   79    -28.49
   28   52   80    -24.12
   28   53   81    -16.22
   28   54   82    -11.16
   28   55   83     -2.51
   28   56   84      3.21
   28   57   85     11.68
   28   58   86     18.35
   28   59   87     26.81
   28   60   88     32.82
   28   61   89     41.43
   28   62   90     47.92
   28   63   91     56.83
   28   64   92     63.58
   28   65   93     73.09
   28   66   94     80.57
   28   67   95     90.14
   28   68   96     97.41
   28   69   97    107.10
   28   70   98    114.88
   28   71   99    124.74
   29   19   48     44.97
   29   20   49     29.68
   29   21   50     19.13
   29   22   51      5.94
   29   23   52     -2.78
   29   24   53    -14.28
   29   25   54    -21.97
   29   26   55    -32.20
   29   27   56    -38.65
   29   28   57    -47.74
   29   29   58    -50.88
   29   30   59    -56.15
   29   31   60    -57.63
   29   32   61    -61.22
   29   33   62    -61.95
   29   34   63    -64.63
   29   35   64    -64.43
   29   36   65    -66.51
   29   37   66    -65.57
   29   38   67    -66.94
   29   39   68    -65.24
   29   40   69    -65.73
   29   41   70    -63.26
   29   42   71    -63.22
   29   43   72    -60.38
   29   44   73    -59.74
   29   45   74    -56.49
   29   46   75    -55.25
   29   47   76    -51.52
   29   48   77    -49.68
   29   49   78    -45.52
   29   50   79    -42.95
   29   51   80    -36.82
   29   52   81    -32.14
   29   53   82    -25.29
   29   54   83    -20.33
   29   55   84    -13.11
   29   56   85     -7.67
   29   57   86      0.04
   29   58   87      6.55
   29   59   88     14.26
   29   60   89     19.90
   29   61   90     27.81
   29   62   91     34.40
   29   63   92     42.49
   29   64   93     49.19
   29   65   94     58.21
   29   66   95     65.67
   29   67   96     74.64
   29   68   97     81.89
   29   69   98     90.96
   29   70   99     98.51
   29   71  100    108.34
   29   72  101    116.71
   29   73  102    126.40
   30   21   51     29.04
   30   22   52     15.18
   30   23   53      6.18
   30   24   54     -6.70
   30   25   55    -14.62
   30   26   56    -25.95
   30   27   57    -32.89
   30   28   58    -42.47
   30   29   59    -46.80
   30   30   60    -53.60
   30   31   61    -55.53
   30   32   62    -60.33
   30   33   63    -61.27
   30   34   64    -65.07
   30   35   65    -65.32
   30   36   66    -68.34
   30   37   67    -67.72
   30   38   68    -69.95
   30   39   69    -68.37
   30   40   70    -69.92
   30   41   71    -67.56
   30   42   72    -68.54
   30   43   73    -65.88
   30   44   74    -66.56
   30   45   75    -63.43
   30   46   76    -63.13
   30   47   77    -59.44
   30   48   78    -58.51
   30   49   79    -54.28
   30   50   80    -52.62
   30   51   81    -46.70
   30   52   82    -42.79
   30   53   83    -36.26
   30   54   84    -32.18
   30   55   85    -25.27
   30   56   86    -20.72
   30   57   87    -13.00
   30   58   88     -7.58
   30   59   89      0.25
   30   60   90      5.25
   30   61   91     13.30
   30   62   92     19.10
   30   63   93     26.89
   30   64   94     32.87
   30   65   95     41.66
   30   66   96     48.48
   30   67   97     57.33
   30   68   98     63.84
   30   69   99     72.48
   30   70  100     79.38
   30   71  101     89.41
   30   72  102     97.17
   30   73  103    106.79
   30   74  104    114.54
   30   75  105    124.36
   31   22   53     27.90
   31   23   54     17.64
   31   24   55      4.68
   31   25   56     -4.40
   31   26   57    -15.73
   31   27   58    -23.83
   31   28   59    -33.78
   31   29   60    -39.03
   31   30   61    -46.22
   31   31   62    -49.83
   31   32   63    -55.42
   31   33   64    -57.65
   31   34   65    -61.74
   31   35   66    -62.96
   31   36   67    -65.92
   31   37   68    -66.38
   31   38   69    -68.75
   31   39   70    -68.35
   31   40   71    -69.94
   31   41   72    -68.64
   31   42   73    -69.71
   31   43   74    -68.34
   31   44   75    -68.85
   31   45   76    -66.61
   31   46   77    -66.48
   31   47   78    -63.76
   31   48   79    -62.96
   31   49   80    -59.74
   31   50   81    -57.90
   31   51   82    -53.08
   31   52   83    -49.16
   31   53   84    -43.55
   31   54   85    -39.58
   31   55   86    -33.38
   31   56   87    -28.95
   31   57   88    -22.29
   31   58   89    -17.26
   31   59   90    -10.18
   31   60   91     -5.34
   31   61   92      1.79
   31   62   93      7.27
   31   63   94     14.77
   31   64   95     20.93
   31   65   96     29.16
   31   66   97     35.53
   31   67   98     43.59
   31   68   99     50.06
   31   69  100     58.15
   31   70  101     64.90
   31   71  102     73.89
   31   72  103     81.50
   31   73  104     90.57
   31   74  105     98.18
   31   75  106    107.28
   31   76  107    114.25
   31   77  108    123.36
   32   23   55     27.47
   32   24   56     13.35
   32   25   57      4.02
   32   26   58     -8.37
   32   27   59    -16.59
   32   28   60    -27.38
   32   29   61    -33.22
   32   30   62    -41.36
   32   31   63    -45.86
   32   32   64    -53.04
   32   33   65    -55.58
   32   34   66    -60.78
   32   35   67    -62.12
   32   36   68    -66.48
   32   37   69    -66.83
   32   38   70    -70.17
   32   39   71    -69.95
   32   40   72    -72.51
   32   41   73    -71.50
   32   42   74    -73.34
   32   43   75    -71.72
   32   44   76    -73.60
   32   45   77    -71.53
   32   46   78    -72.36
   32   47   79    -69.79
   32   48   80    -69.82
   32   49   81    -66.48
   32   50   82    -65.49
   32   51   83    -60.78
   32   52   84    -58.06
   32   53   85    -52.47
   32   54   86    -49.33
   32   55   87    -43.32
   32   56   88    -39.65
   32   57   89    -33.20
   32   58   90    -29.07
   32   59   91    -22.19
   32   60   92    -17.83
   32   61   93    -11.03
   32   62   94     -6.22
   32   63   95      1.29
   32   64   96      6.61
   32   65   97     14.51
   32   66   98     20.00
   32   67   99     27.85
   32   68  100     33.52
   32   69  101     41.52
   32   70  102     47.71
   32   71  103     56.60
   32   72  104     63.54
   32   73  105     72.41
   32   74  106     79.39
   32   75  107     88.52
   32   76  108     95.77
   32   77  109    104.30
   32   78  110    111.82
   32   79  111    121.12
   32   80  112    128.93
   33   24   57     25.99
   33   25   58     15.47
   33   26   59      2.86
   33   27   60     -6.25
   33   28   61    -17.27
   33   29   62    -24.05
   33   30   63    -32.72
   33   31   64    -38.35
   33   32   65    -45.88
   33   33   66    -49.97
   33   34   67    -55.96
   33   35   68    -58.46
   33   36   69    -63.03
   33   37   70    -64.33
   33   38   71    -67.78
   33   39   72    -68.58
   33   40   73    -71.23
   33   41   74    -71.24
   33   42   75    -73.23
   33   43   76    -72.51
   33   44   77    -74.36
   33   45   78    -73.23
   33   46   79    -74.26
   33   47   80    -72.63
   33   48   81    -72.70
   33   49   82    -70.52
   33   50   83    -69.58
   33   51   84    -65.67
   33   52   85    -63.05
   33   53   86    -58.20
   33   54   87    -55.12
   33   55   88    -49.89
   33   56   89    -46.38
   33   57   90    -40.77
   33   58   91    -36.82
   33   59   92    -30.76
   33   60   93    -26.46
   33   61   94    -20.33
   33   62   95    -15.69
   33   63   96     -8.95
   33   64   97     -3.72
   33   65   98      3.21
   33   66   99      8.52
   33   67  100     15.55
   33   68  101     21.35
   33   69  102     28.69
   33   70  103     34.64
   33   71  104     42.81
   33   72  105     49.55
   33   73  106     57.86
   33   74  107     64.73
   33   75  108     73.08
   33   76  109     80.34
   33   77  110     88.59
   33   78  111     96.14
   33   79  112    104.78
   33   80  113    112.34
   33   81  114    119.06
   33   82  115    126.63
   34   25   59     25.08
   34   26   60     11.39
   34   27   61      2.03
   34   28   62     -9.77
   34   29   63    -16.93
   34   30   64    -26.65
   34   31   65    -32.56
   34   32   66    -41.17
   34   33   67    -46.05
   34   34   68    -53.55
   34   35   69    -56.33
   34   36   70    -61.87
   34   37   71    -63.39
   34   38   72    -67.77
   34   39   73    -68.56
   34   40   74    -72.32
   34   41   75    -72.50
   34   42   76    -75.49
   34   43   77    -74.93
   34   44   78    -77.46
   34   45   79    -76.51
   34   46   80    -78.45
   34   47   81    -77.01
   34   48   82    -78.11
   34   49   83    -75.72
   34   50   84    -75.68
   34   51   85    -71.78
   34   52   86    -70.18
   34   53   87    -65.41
   34   54   88    -63.17
   34   55   89    -58.14
   34   56   90    -55.44
   34   57   91    -49.91
   34   58   92    -46.82
   34   59   93    -40.94
   34   60   94    -37.50
   34   61   95    -31.51
   34   62   96    -27.56
   34   63   97    -20.95
   34   64   98    -16.44
   34   65   99     -9.67
   34   66  100     -5.36
   34   67  101      1.57
   34   68  102      6.70
   34   69  103     13.90
   34   70  104     19.27
   34   71  105     27.30
   34   72  106     33.43
   34   73  107     41.62
   34   74  108     47.78
   34   75  109     56.23
   34   76  110     62.90
   34   77  111     71.29
   34   78  112     77.70
   34   79  113     86.49
   34   80  114     93.49
   34   81  115    100.31
   34   82  116    107.45
   34   83  117    117.57
   34   84  118    126.43
   35   26   61     23.96
   35   27   62     14.19
   35   28   63      1.58
   35   29   64     -6.60
   35   30   65    -16.71
   35   31   66    -23.58
   35   32   67    -32.48
   35   33   68    -38.43
   35   34   69    -46.35
   35   35   70    -50.58
   35   36   71    -56.79
   35   37   72    -59.45
   35   38   73    -63.81
   35   39   74    -65.91
   35   40   75    -69.40
   35   41   76    -70.62
   35   42   77    -73.73
   35   43   78    -74.12
   35   44   79    -76.20
   35   45   80    -76.48
   35   46   81    -78.66
   35   47   82    -78.15
   35   48   83    -79.44
   35   49   84    -77.86
   35   50   85    -78.22
   35   51   86    -75.10
   35   52   87    -73.51
   35   53   88    -69.62
   35   54   89    -67.23
   35   55   90    -63.01
   35   56   91    -60.52
   35   57   92    -55.83
   35   58   93    -52.82
   35   59   94    -48.04
   35   60   95    -44.71
   35   61   96    -39.51
   35   62   97    -35.72
   35   63   98    -29.83
   35   64   99    -25.46
   35   65  100    -19.38
   35   66  101    -14.98
   35   67  102     -8.72
   35   68  103     -3.87
   35   69  104      2.81
   35   70  105      8.15
   35   71  106     15.48
   35   72  107     21.50
   35   73  108     29.12
   35   74  109     35.41
   35   75  110     44.34
   35   76  111     50.96
   35   77  112     57.17
   35   78  113     63.75
   35   79  114     71.66
   35   80  115     78.54
   35   81  116     84.55
   35   82  117     91.52
   35   83  118    101.17
   35   84  119    109.96
   35   85  120    120.63
   35   86  121    129.85
   36   27   63     23.84
   36   28   64     10.20
   36   29   65      1.72
   36   30   66     -9.41
   36   31   67    -16.44
   36   32   68    -26.39
   36   33   69    -32.55
   36   34   70    -41.50
   36   35   71    -46.39
   36   36   72    -54.03
   36   37   73    -56.86
   36   38   74    -62.87
   36   39   75    -64.83
   36   40   76    -69.56
   36   41   77    -69.96
   36   42   78    -74.16
   36   43   79    -74.78
   36   44   80    -77.50
   36   45   81    -77.83
   36   46   82    -80.88
   36   47   83    -80.92
   36   48   84    -82.86
   36   49   85    -81.68
   36   50   86    -83.00
   36   51   87    -79.93
   36   52   88    -79.10
   36   53   89    -75.24
   36   54   90    -73.69
   36   55   91    -69.61
   36   56   92    -67.95
   36   57   93    -63.33
   36   58   94    -61.31
   36   59   95    -56.71
   36   60   96    -54.16
   36   61   97    -49.11
   36   62   98    -46.04
   36   63   99    -40.31
   36   64  100    -36.71
   36   65  101    -30.72
   36   66  102    -26.93
   36   67  103    -20.77
   36   68  104    -16.76
   36   69  105    -10.04
   36   70  106     -5.39
   36   71  107      1.82
   36   72  108      7.40
   36   73  109     14.91
   36   74  110     21.65
   36   75  111     29.64
   36   76  112     35.60
   36   77  113     41.50
   36   78  114     47.40
   36   79  115     55.20
   36   80  116     61.10
   36   81  117     67.64
   36   82  118     73.83
   36   83  119     83.49
   36   84  120     91.71
   36   85  121    102.13
   36   86  122    110.81
   36   87  123    121.10
   36   88  124    130.40
   37   29   66     13.70
   37   30   67      2.21
   37   31   68     -5.77
   37   32   69    -15.92
   37   33   70    -23.38
   37   34   71    -32.51
   37   35   72    -38.30
   37   36   73    -46.43
   37   37   74    -51.16
   37   38   75    -57.79
   37   39   76    -61.01
   37   40   77    -65.68
   37   41   78    -67.65
   37   42   79    -70.72
   37   43   80    -72.22
   37   44   81    -75.24
   37   45   82    -76.36
   37   46   83    -79.62
   37   47   84    -80.23
   37   48   85    -82.65
   37   49   86    -82.43
   37   50   87    -83.91
   37   51   88    -81.65
   37   52   89    -80.86
   37   53   90    -77.70
   37   54   91    -76.29
   37   55   92    -73.11
   37   56   93    -71.59
   37   57   94    -67.89
   37   58   95    -66.04
   37   59   96    -62.26
   37   60   97    -59.90
   37   61   98    -55.58
   37   62   99    -52.61
   37   63  100    -47.65
   37   64  101    -44.13
   37   65  102    -38.86
   37   66  103    -35.12
   37   67  104    -29.56
   37   68  105    -25.65
   37   69  106    -19.74
   37   70  107    -14.99
   37   71  108     -8.65
   37   72  109     -3.19
   37   73  110      4.03
   37   74  111     10.57
   37   75  112     18.01
   37   76  113     22.26
   37   77  114     29.11
   37   78  115     34.80
   37   79  116     42.01
   37   80  117     47.79
   37   81  118     53.74
   37   82  119     59.72
   37   83  120     68.90
   37   84  121     76.97
   37   85  122     86.94
   37   86  123     95.40
   37   87  124    105.34
   37   88  125    114.48
   37   89  126    125.42
   37   90  127    133.43
   37   91  128    143.15
   38   30   68     10.57
   38   31   69      2.43
   38   32   70     -8.72
   38   33   71    -15.85
   38   34   72    -26.07
   38   35   73    -32.38
   38   36   74    -41.62
   38   37   75    -47.04
   38   38   76    -54.97
   38   39   77    -58.35
   38   40   78    -64.06
   38   41   79    -66.15
   38   42   80    -68.84
   38   43   81    -70.65
   38   44   82    -75.50
   38   45   83    -76.77
   38   46   84    -80.88
   38   47   85    -81.61
   38   48   86    -85.02
   38   49   87    -85.01
   38   50   88    -87.54
   38   51   89    -85.21
   38   52   90    -85.12
   38   53   91    -82.05
   38   54   92    -81.23
   38   55   93    -77.99
   38   56   94    -77.55
   38   57   95    -74.19
   38   58   96    -73.01
   38   59   97    -69.31
   38   60   98    -67.71
   38   61   99    -63.46
   38   62  100    -61.29
   38   63  101    -56.47
   38   64  102    -53.69
   38   65  103    -48.51
   38   66  104    -45.45
   38   67  105    -40.04
   38   68  106    -36.74
   38   69  107    -30.86
   38   70  108    -26.80
   38   71  109    -20.32
   38   72  110    -15.34
   38   73  111     -8.38
   38   74  112     -2.73
   38   75  113      3.47
   38   76  114      8.08
   38   77  115     14.85
   38   78  116     20.04
   38   79  117     27.18
   38   80  118     32.40
   38   81  119     38.20
   38   82  120     43.66
   38   83  121     52.85
   38   84  122     60.41
   38   85  123     69.99
   38   86  124     78.10
   38   87  125     87.88
   38   88  126     97.04
   38   89  127    107.55
   38   90  128    114.98
   38   91  129    125.01
   38   92  130    132.79
   38   93  131    142.58
   39   31   70     13.76
   39   32   71      2.51
   39   33   72     -5.78
   39   34   73    -16.01
   39   35   74    -23.35
   39   36   75    -32.77
   39   37   76    -39.18
   39   38   77    -47.42
   39   39   78    -52.11
   39   40   79    -58.50
   39   41   80    -61.44
   39   42   81    -66.13
   39   43   82    -66.79
   39   44   83    -71.82
   39   45   84    -73.93
   39   46   85    -78.22
   39   47   86    -79.82
   39   48   87    -83.41
   39   49   88    -84.19
   39   50   89    -87.12
   39   51   90    -85.41
   39   52   91    -85.41
   39   53   92    -83.07
   39   54   93    -82.57
   39   55   94    -79.91
   39   56   95    -79.43
   39   57   96    -76.82
   39   58   97    -76.06
   39   59   98    -73.09
   39   60   99    -71.70
   39   61  100    -68.15
   39   62  101    -66.11
   39   63  102    -62.01
   39   64  103    -59.34
   39   65  104    -54.88
   39   66  105    -51.89
   39   67  106    -47.16
   39   68  107    -43.92
   39   69  108    -38.78
   39   70  109    -34.83
   39   71  110    -28.93
   39   72  111    -24.20
   39   73  112    -17.43
   39   74  113    -12.76
   39   75  114     -6.44
   39   76  115     -1.92
   39   77  116      4.09
   39   78  117      9.15
   39   79  118     15.66
   39   80  119     21.10
   39   81  120     26.39
   39   82  121     31.47
   39   83  122     40.17
   39   84  123     47.65
   39   85  124     56.72
   39   86  125     64.77
   39   87  126     74.05
   39   88  127     82.79
   39   89  128     92.72
   39   90  129    100.30
   39   91  130    109.44
   39   92  131    117.40
   39   93  132    126.55
   39   94  133    134.84
   39   95  134    144.50
   40   32   72     11.34
   40   33   73      2.98
   40   34   74     -8.30
   40   35   75    -15.84
   40   36   76    -26.07
   40   37   77    -32.69
   40   38   78    -41.82
   40   39   79    -47.18
   40   40   80    -54.84
   40   41   81    -58.01
   40   42   82    -61.74
   40   43   83    -64.61
   40   44   84    -70.53
   40   45   85    -72.82
   40   46   86    -77.96
   40   47   87    -79.72
   40   48   88    -84.19
   40   49   89    -85.24
   40   50   90    -88.98
   40   51   91    -87.33
   40   52   92    -88.16
   40   53   93    -85.94
   40   54   94    -86.00
   40   55   95    -83.60
   40   56   96    -83.69
   40   57   97    -81.08
   40   58   98    -81.04
   40   59   99    -78.16
   40   60  100    -77.53
   40   61  101    -74.13
   40   62  102    -72.83
   40   63  103    -68.82
   40   64  104    -66.89
   40   65  105    -62.49
   40   66  106    -60.16
   40   67  107    -55.56
   40   68  108    -52.97
   40   69  109    -47.97
   40   70  110    -44.62
   40   71  111    -38.86
   40   72  112    -34.87
   40   73  113    -28.15
   40   74  114    -24.43
   40   75  115    -18.49
   40   76  116    -14.52
   40   77  117     -8.54
   40   78  118     -4.18
   40   79  119      2.25
   40   80  120      7.10
   40   81  121     12.36
   40   82  122     16.81
   40   83  123     25.50
   40   84  124     32.39
   40   85  125     41.44
   40   86  126     48.87
   40   87  127     58.56
   40   88  128     66.78
   40   89  129     76.38
   40   90  130     83.62
   40   91  131     92.47
   40   92  132    100.00
   40   93  133    109.24
   40   94  134    116.91
   40   95  135    126.56
   40   96  136    134.49
   40   97  137    144.18
   41   33   74     14.39
   41   34   75      3.47
   41   35   76     -4.97
   41   36   77    -15.46
   41   37   78    -22.94
   41   38   79    -32.41
   41   39   80    -38.71
   41   40   81    -46.55
   41   41   82    -51.02
   41   42   83    -56.89
   41   43   84    -59.25
   41   44   85    -65.35
   41   45   86    -68.51
   41   46   87    -73.80
   41   47   88    -76.41
   41   48   89    -81.03
   41   49   90    -82.88
   41   50   91    -86.62
   41   51   92    -86.07
   41   52   93    -86.97
   41   53   94    -85.53
   41   54   95    -85.80
   41   55   96    -84.27
   41   56   97    -84.44
   41   57   98    -82.42
   41   58   99    -82.39
   41   59  100    -80.16
   41   60  101    -79.73
   41   61  102    -77.08
   41   62  103    -75.94
   41   63  104    -72.63
   41   64  105    -70.76
   41   65  106    -67.01
   41   66  107    -64.76
   41   67  108    -60.73
   41   68  109    -58.24
   41   69  110    -53.90
   41   70  111    -50.71
   41   71  112    -45.63
   41   72  113    -41.20
   41   73  114    -35.87
   41   74  115    -32.22
   41   75  116    -27.05
   41   76  117    -23.14
   41   77  118    -17.79
   41   78  119    -13.49
   41   79  120     -7.74
   41   80  121     -2.88
   41   81  122      1.44
   41   82  123      6.15
   41   83  124     14.14
   41   84  125     20.97
   41   85  126     29.51
   41   86  127     36.72
   41   87  128     46.20
   41   88  129     54.11
   41   89  130     63.08
   41   90  131     70.29
   41   91  132     78.69
   41   92  133     86.10
   41   93  134     94.85
   41   94  135    102.49
   41   95  136    111.56
   41   96  137    119.43
   41   97  138    128.59
   41   98  139    136.59
   41   99  140    145.83
   42   35   77      3.59
   42   36   78     -7.05
   42   37   79    -14.10
   42   38   80    -25.37
   42   39   81    -31.76
   42   40   82    -39.59
   42   41   83    -44.99
   42   42   84    -51.84
   42   43   85    -55.75
   42   44   86    -62.72
   42   45   87    -66.03
   42   46   88    -72.20
   42   47   89    -74.96
   42   48   90    -80.44
   42   49   91    -82.42
   42   50   92    -87.17
   42   51   93    -86.59
   42   52   94    -88.34
   42   53   95    -87.03
   42   54   96    -88.20
   42   55   97    -86.64
   42   56   98    -87.44
   42   57   99    -85.47
   42   58  100    -85.99
   42   59  101    -83.71
   42   60  102    -83.80
   42   61  103    -81.27
   42   62  104    -80.77
   42   63  105    -77.66
   42   64  106    -76.52
   42   65  107    -72.86
   42   66  108    -71.28
   42   67  109    -67.36
   42   68  110    -65.57
   42   69  111    -61.31
   42   70  112    -58.78
   42   71  113    -53.14
   42   72  114    -50.47
   42   73  115    -45.52
   42   74  116    -42.55
   42   75  117    -37.43
   42   76  118    -34.12
   42   77  119    -28.85
   42   78  120    -25.19
   42   79  121    -19.57
   42   80  122    -15.34
   42   81  123    -11.06
   42   82  124     -7.17
   42   83  125      0.77
   42   84  126      7.16
   42   85  127     15.57
   42   86  128     22.39
   42   87  129     32.27
   42   88  130     39.15
   42   89  131     48.07
   42   90  132     54.83
   42   91  133     63.35
   42   92  134     70.24
   42   93  135     78.98
   42   94  136     86.12
   42   95  137     95.18
   42   96  138    102.50
   42   97  139    111.68
   42   98  140    119.20
   42   99  141    128.43
   42  100  142    136.03
   42  101  143    145.19
   42  102  144    152.83
   43   36   79      4.14
   43   37   80     -3.93
   43   38   81    -14.12
   43   39   82    -21.25
   43   40   83    -30.65
   43   41   84    -36.95
   43   42   85    -43.89
   43   43   86    -49.02
   43   44   87    -56.54
   43   45   88    -60.65
   43   46   89    -67.02
   43   47   90    -70.60
   43   48   91    -76.22
   43   49   92    -79.00
   43   50   93    -83.88
   43   51   94    -84.06
   43   52   95    -85.93
   43   53   96    -85.38
   43   54   97    -86.95
   43   55   98    -86.04
   43   56   99    -86.90
   43   57  100    -85.64
   43   58  101    -86.09
   43   59  102    -84.53
   43   60  103    -84.75
   43   61  104    -82.73
   43   62  105    -82.32
   43   63  106    -79.80
   43   64  107    -78.86
   43   65  108    -75.89
   43   66  109    -73.69
   43   67  110    -70.46
   43   68  111    -68.85
   43   69  112    -65.21
   43   70  113    -63.06
   43   71  114    -58.89
   43   72  115    -56.31
   43   73  116    -51.97
   43   74  117    -49.05
   43   75  118    -44.60
   43   76  119    -41.39
   43   77  120    -36.69
   43   78  121    -33.14
   43   79  122    -28.09
   43   80  123    -23.95
   43   81  124    -20.28
   43   82  125    -16.50
   43   83  126     -9.13
   43   84  127     -2.81
   43   85  128      5.08
   43   86  129     12.09
   43   87  130     21.03
   43   88  131     27.83
   43   89  132     36.18
   43   90  133     42.99
   43   91  134     50.99
   43   92  135     57.69
   43   93  136     66.04
   43   94  137     73.12
   43   95  138     81.64
   43   96  139     88.83
   43   97  140     97.54
   43   98  141    105.09
   43   99  142    113.79
   43  100  143    121.32
   43  101  144    130.06
   43  102  145    137.76
   43  103  146    147.14
   43  104  147    155.86
   44   37   81      4.83
   44   38   82     -6.24
   44   39   83    -12.24
   44   40   84    -22.44
   44   41   85    -28.92
   44   42   86    -38.44
   44   43   87    -44.10
   44   44   88    -52.79
   44   45   89    -57.10
   44   46   90    -64.29
   44   47   91    -68.01
   44   48   92    -74.48
   44   49   93    -77.39
   44   50   94    -83.08
   44   51   95    -83.32
   44   52   96    -85.97
   44   53   97    -85.54
   44   54   98    -87.88
   44   55   99    -87.11
   44   56  100    -88.68
   44   57  101    -87.52
   44   58  102    -88.63
   44   59  103    -87.06
   44   60  104    -87.82
   44   61  105    -85.79
   44   62  106    -86.01
   44   63  107    -83.58
   44   64  108    -83.26
   44   65  109    -80.43
   44   66  110    -79.41
   44   67  111    -76.30
   44   68  112    -75.35
   44   69  113    -71.81
   44   70  114    -70.32
   44   71  115    -66.24
   44   72  116    -64.29
   44   73  117    -60.04
   44   74  118    -57.81
   44   75  119    -53.41
   44   76  120    -50.84
   44   77  121    -46.31
   44   78  122    -43.37
   44   79  123    -38.45
   44   80  124    -35.80
   44   81  125    -31.63
   44   82  126    -28.43
   44   83  127    -21.08
   44   84  128    -15.33
   44   85  129     -7.50
   44   86  130     -1.35
   44   87  131      7.72
   44   88  132     14.21
   44   89  133     22.49
   44   90  134     28.94
   44   91  135     37.01
   44   92  136     43.25
   44   93  137     51.56
   44   94  138     58.11
   44   95  139     66.58
   44   96  140     73.29
   44   97  141     81.92
   44   98  142     88.92
   44   99  143     97.67
   44  100  144    104.75
   44  101  145    113.57
   44  102  146    120.76
   44  103  147    130.18
   44  104  148    138.22
   44  105  149    148.07
   44  106  150    156.12
   45   38   83      4.91
   45   39   84     -2.38
   45   40   85    -12.71
   45   41   86    -19.93
   45   42   87    -29.66
   45   43   88    -36.11
   45   44   89    -44.99
   45   45   90    -50.43
   45   46   91    -58.13
   45   47   92    -62.58
   45   48   93    -69.20
   45   49   94    -72.87
   45   50   95    -78.68
   45   51   96    -79.82
   45   52   97    -82.70
   45   53   98    -83.22
   45   54   99    -85.33
   45   55  100    -85.33
   45   56  101    -86.99
   45   57  102    -86.53
   45   58  103    -87.73
   45   59  104    -86.68
   45   60  105    -87.35
   45   61  106    -86.18
   45   62  107    -86.33
   45   63  108    -84.72
   45   64  109    -84.01
   45   65  110    -81.95
   45   66  111    -81.60
   45   67  112    -79.15
   45   68  113    -78.31
   45   69  114    -75.40
   45   70  115    -74.03
   45   71  116    -70.57
   45   72  117    -68.76
   45   73  118    -65.10
   45   74  119    -62.94
   45   75  120    -59.19
   45   76  121    -56.79
   45   77  122    -52.83
   45   78  123    -50.05
   45   79  124    -45.71
   45   80  125    -43.16
   45   81  126    -39.55
   45   82  127    -36.50
   45   83  128    -29.62
   45   84  129    -24.02
   45   85  130    -16.76
   45   86  131    -10.17
   45   87  132     -2.10
   45   88  133      4.26
   45   89  134     12.03
   45   90  135     18.37
   45   91  136     26.07
   45   92  137     32.20
   45   93  138     39.88
   45   94  139     46.47
   45   95  140     54.41
   45   96  141     61.01
   45   97  142     69.14
   45   98  143     76.08
   45   99  144     84.24
   45  100  145     91.33
   45  101  146     99.71
   45  102  147    106.96
   45  103  148    115.86
   45  104  149    123.93
   45  105  150    133.12
   45  106  151    141.15
   45  107  152    150.34
   45  108  153    158.34
   46   40   86     -4.96
   46   41   87    -12.35
   46   42   88    -22.89
   46   43   89    -29.51
   46   44   90    -39.23
   46   45   91    -45.16
   46   46   92    -54.03
   46   47   93    -58.68
   46   48   94    -66.27
   46   49   95    -69.98
   46   50   96    -76.69
   46   51   97    -77.84
   46   52   98    -81.55
   46   53   99    -81.83
   46   54  100    -84.88
   46   55  101    -85.03
   46   56  102    -87.43
   46   57  103    -87.01
   46   58  104    -88.89
   46   59  105    -87.94
   46   60  106    -89.30
   46   61  107    -88.05
   46   62  108    -88.95
   46   63  109    -87.39
   46   64  110    -87.91
   46   65  111    -85.46
   46   66  112    -85.80
   46   67  113    -83.45
   46   68  114    -83.28
   46   69  115    -80.41
   46   70  116    -79.75
   46   71  117    -76.35
   46   72  118    -75.20
   46   73  119    -71.67
   46   74  120    -70.31
   46   75  121    -66.60
   46   76  122    -64.83
   46   77  123    -60.85
   46   78  124    -59.04
   46   79  125    -55.16
   46   80  126    -53.37
   46   81  127    -49.45
   46   82  128    -46.84
   46   83  129    -40.23
   46   84  130    -35.20
   46   85  131    -27.93
   46   86  132    -22.40
   46   87  133    -13.92
   46   88  134     -7.99
   46   89  135     -0.12
   46   90  136      5.60
   46   91  137     13.43
   46   92  138     19.12
   46   93  139     26.76
   46   94  140     32.69
   46   95  141     40.67
   46   96  142     46.84
   46   97  143     54.95
   46   98  144     61.39
   46   99  145     69.58
   46  100  146     76.17
   46  101  147     84.62
   46  102  148     91.41
   46  103  149    100.25
   46  104  150    107.69
   46  105  151    116.86
   46  106  152    124.40
   46  107  153    133.57
   46  108  154    141.03
   46  109  155    150.23
   46  110  156    157.78
   47   41   88     -2.49
   47   42   89    -13.22
   47   43   90    -20.66
   47   44   91    -30.54
   47   45   92    -37.20
   47   46   93    -46.25
   47   47   94    -52.02
   47   48   95    -59.94
   47   49   96    -64.56
   47   50   97    -71.14
   47   51   98    -73.37
   47   52   99    -77.08
   47   53  100    -78.31
   47   54  101    -81.33
   47   55  102    -82.28
   47   56  103    -84.66
   47   57  104    -84.85
   47   58  105    -86.82
   47   59  106    -86.54
   47   60  107    -87.92
   47   61  108    -87.21
   47   62  109    -88.21
   47   63  110    -87.15
   47   64  111    -87.79
   47   65  112    -86.17
   47   66  113    -86.56
   47   67  114    -84.89
   47   68  115    -84.82
   47   69  116    -82.57
   47   70  117    -82.03
   47   71  118    -79.21
   47   72  119    -78.31
   47   73  120    -75.19
   47   74  121    -73.94
   47   75  122    -70.75
   47   76  123    -69.64
   47   77  124    -66.32
   47   78  125    -64.89
   47   79  126    -61.50
   47   80  127    -59.66
   47   81  128    -56.31
   47   82  129    -53.81
   47   83  130    -47.74
   47   84  131    -42.78
   47   85  132    -36.06
   47   86  133    -30.64
   47   87  134    -22.56
   47   88  135    -16.97
   47   89  136     -9.43
   47   90  137     -3.84
   47   91  138      3.71
   47   92  139      9.47
   47   93  140     16.57
   47   94  141     22.41
   47   95  142     29.90
   47   96  143     36.04
   47   97  144     43.62
   47   98  145     50.00
   47   99  146     57.69
   47  100  147     64.22
   47  101  148     72.20
   47  102  149     78.97
   47  103  150     87.26
   47  104  151     94.56
   47  105  152    103.29
   47  106  153    110.72
   47  107  154    119.38
   47  108  155    126.76
   47  109  156    135.48
   47  110  157    142.97
   47  111  158    151.65
   47  112  159    159.27
   47  113  160    168.47
   48   42   90     -5.41
   48   43   91    -13.00
   48   44   92    -23.71
   48   45   93    -30.60
   48   46   94    -40.44
   48   47   95    -46.68
   48   48   96    -55.85
   48   49   97    -60.53
   48   50   98    -68.17
   48   51   99    -70.19
   48   52  100    -74.89
   48   53  101    -75.95
   48   54  102    -79.52
   48   55  103    -80.59
   48   56  104    -83.64
   48   57  105    -84.13
   48   58  106    -86.73
   48   59  107    -86.64
   48   60  108    -88.76
   48   61  109    -88.19
   48   62  110    -89.83
   48   63  111    -88.78
   48   64  112    -90.07
   48   65  113    -88.68
   48   66  114    -89.61
   48   67  115    -87.80
   48   68  116    -88.30
   48   69  117    -86.10
   48   70  118    -86.24
   48   71  119    -83.51
   48   72  120    -83.64
   48   73  121    -80.85
   48   74  122    -80.41
   48   75  123    -77.26
   48   76  124    -76.94
   48   77  125    -73.84
   48   78  126    -72.78
   48   79  127    -69.43
   48   80  128    -68.29
   48   81  129    -65.03
   48   82  130    -63.12
   48   83  131    -57.08
   48   84  132    -52.68
   48   85  133    -45.93
   48   86  134    -41.01
   48   87  135    -33.96
   48   88  136    -28.85
   48   89  137    -20.76
   48   90  138    -15.43
   48   91  139     -7.49
   48   92  140     -2.18
   48   93  141      4.90
   48   94  142     10.21
   48   95  143     17.69
   48   96  144     23.32
   48   97  145     30.91
   48   98  146     36.77
   48   99  147     44.44
   48  100  148     50.47
   48  101  149     58.38
   48  102  150     64.73
   48  103  151     72.92
   48  104  152     79.73
   48  105  153     88.36
   48  106  154     95.36
   48  107  155    104.01
   48  108  156    110.90
   48  109  157    119.53
   48  110  158    126.59
   48  111  159    135.28
   48  112  160    142.50
   48  113  161    151.61
   48  114  162    159.41
   48  115  163    168.36
   49   43   92     -3.38
   49   44   93    -14.30
   49   45   94    -21.98
   49   46   95    -31.99
   49   47   96    -39.01
   49   48   97    -48.22
   49   49   98    -54.13
   49   50   99    -62.17
   49   51  100    -64.96
   49   52  101    -69.54
   49   53  102    -71.53
   49   54  103    -75.21
   49   55  104    -76.75
   49   56  105    -79.79
   49   57  106    -80.92
   49   58  107    -83.61
   49   59  108    -84.18
   49   60  109    -86.35
   49   61  110    -86.31
   49   62  111    -88.08
   49   63  112    -87.64
   49   64  113    -89.04
   49   65  114    -88.21
   49   66  115    -89.21
   49   67  116    -87.94
   49   68  117    -88.66
   49   69  118    -87.12
   49   70  119    -87.52
   49   71  120    -85.68
   49   72  121    -85.77
   49   73  122    -83.58
   49   74  123    -83.43
   49   75  124    -80.97
   49   76  125    -80.63
   49   77  126    -77.99
   49   78  127    -77.40
   49   79  128    -74.60
   49   80  129    -73.62
   49   81  130    -70.56
   49   82  131    -68.69
   49   83  132    -63.32
   49   84  133    -59.03
   49   85  134    -52.73
   49   86  135    -47.92
   49   87  136    -41.35
   49   88  137    -36.23
   49   89  138    -28.82
   49   90  139    -23.75
   49   91  140    -16.63
   49   92  141    -10.59
   49   93  142     -3.98
   49   94  143      1.39
   49   95  144      8.41
   49   96  145     13.94
   49   97  146     21.03
   49   98  147     26.88
   49   99  148     34.04
   49  100  149     40.04
   49  101  150     47.43
   49  102  151     53.74
   49  103  152     61.52
   49  104  153     68.24
   49  105  154     76.26
   49  106  155     83.04
   49  107  156     91.24
   49  108  157     98.17
   49  109  158    106.39
   49  110  159    113.36
   49  111  160    121.89
   49  112  161    129.26
   49  113  162    137.89
   49  114  163    145.11
   49  115  164    153.62
   49  116  165    161.20
   49  117  166    169.87
   50   44   94     -6.70
   50   45   95    -14.52
   50   46   96    -25.33
   50   47   97    -32.52
   50   48   98    -42.58
   50   49   99    -48.73
   50   50  100    -57.87
   50   51  101    -60.99
   50   52  102    -66.38
   50   53  103    -68.34
   50   54  104    -72.70
   50   55  105    -74.20
   50   56  106    -78.00
   50   57  107    -78.85
   50   58  108    -82.21
   50   59  109    -82.72
   50   60  110    -85.83
   50   61  111    -85.95
   50   62  112    -88.50
   50   63  113    -88.04
   50   64  114    -90.30
   50   65  115    -89.57
   50   66  116    -91.26
   50   67  117    -90.18
   50   68  118    -91.43
   50   69  119    -89.91
   50   70  120    -90.92
   50   71  121    -89.31
   50   72  122    -90.01
   50   73  123    -88.00
   50   74  124    -88.49
   50   75  125    -86.19
   50   76  126    -86.36
   50   77  127    -83.84
   50   78  128    -83.71
   50   79  129    -80.92
   50   80  130    -80.55
   50   81  131    -77.56
   50   82  132    -76.41
   50   83  133    -70.99
   50   84  134    -67.20
   50   85  135    -61.00
   50   86  136    -56.67
   50   87  137    -50.21
   50   88  138    -45.70
   50   89  139    -38.92
   50   90  140    -34.20
   50   91  141    -26.77
   50   92  142    -21.90
   50   93  143    -14.24
   50   94  144     -9.49
   50   95  145     -2.50
   50   96  146      2.60
   50   97  147      9.66
   50   98  148     15.08
   50   99  149     22.20
   50  100  150     27.71
   50  101  151     35.10
   50  102  152     40.91
   50  103  153     48.61
   50  104  154     54.87
   50  105  155     62.90
   50  106  156     69.25
   50  107  157     77.42
   50  108  158     84.04
   50  109  159     92.18
   50  110  160     98.71
   50  111  161    107.28
   50  112  162    113.94
   50  113  163    122.46
   50  114  164    129.33
   50  115  165    137.91
   50  116  166    144.77
   50  117  167    153.39
   50  118  168    160.55
   50  119  169    169.28
   51   46   97    -12.31
   51   47   98    -20.22
   51   48   99    -30.29
   51   49  100    -37.33
   51   50  101    -46.60
   51   51  102    -50.66
   51   52  103    -56.49
   51   53  104    -59.35
   51   54  105    -63.92
   51   55  106    -66.33
   51   56  107    -70.32
   51   57  108    -72.14
   51   58  109    -75.68
   51   59  110    -77.08
   51   60  111    -80.07
   51   61  112    -80.92
   51   62  113    -83.52
   51   63  114    -83.94
   51   64  115    -86.25
   51   65  116    -86.32
   51   66  117    -88.25
   51   67  118    -87.90
   51   68  119    -89.34
   51   69  120    -88.55
   51   70  121    -89.61
   51   71  122    -88.41
   51   72  123    -89.18
   51   73  124    -87.71
   51   74  125    -88.26
   51   75  126    -86.45
   51   76  127    -86.85
   51   77  128    -84.85
   51   78  129    -85.12
   51   79  130    -82.83
   51   80  131    -82.64
   51   81  132    -80.12
   51   82  133    -78.97
   51   83  134    -74.29
   51   84  135    -70.44
   51   85  136    -64.92
   51   86  137    -60.69
   51   87  138    -54.09
   51   88  139    -49.88
   51   89  140    -43.73
   51   90  141    -39.25
   51   91  142    -32.36
   51   92  143    -27.86
   51   93  144    -21.64
   51   94  145    -16.91
   51   95  146    -10.61
   51   96  147     -5.62
   51   97  148      1.01
   51   98  149      6.28
   51   99  150     12.99
   51  100  151     18.51
   51  101  152     25.41
   51  102  153     31.19
   51  103  154     38.38
   51  104  155     44.58
   51  105  156     52.09
   51  106  157     58.44
   51  107  158     66.18
   51  108  159     72.77
   51  109  160     80.48
   51  110  161     87.15
   51  111  162     95.16
   51  112  163    101.88
   51  113  164    109.92
   51  114  165    116.68
   51  115  166    124.86
   51  116  167    131.61
   51  117  168    139.89
   51  118  169    147.02
   51  119  170    155.59
   51  120  171    163.20
   51  121  172    171.46
   52   47   99    -10.02
   52   48  100    -21.09
   52   49  101    -27.92
   52   50  102    -38.03
   52   51  103    -42.42
   52   52  104    -49.33
   52   53  105    -52.26
   52   54  106    -57.94
   52   55  107    -60.36
   52   56  108    -65.25
   52   57  109    -67.26
   52   58  110    -71.54
   52   59  111    -73.04
   52   60  112    -76.80
   52   61  113    -77.93
   52   62  114    -81.15
   52   63  115    -81.95
   52   64  116    -84.72
   52   65  117    -84.61
   52   66  118    -87.18
   52   67  119    -86.97
   52   68  120    -89.07
   52   69  121    -88.43
   52   70  122    -90.01
   52   71  123    -88.92
   52   72  124    -90.29
   52   73  125    -88.87
   52   74  126    -89.96
   52   75  127    -88.25
   52   76  128    -89.23
   52   77  129    -87.54
   52   78  130    -88.03
   52   79  131    -85.90
   52   80  132    -86.26
   52   81  133    -83.86
   52   82  134    -83.30
   52   83  135    -78.63
   52   84  136    -75.50
   52   85  137    -69.96
   52   86  138    -66.31
   52   87  139    -59.97
   52   88  140    -56.23
   52   89  141    -50.11
   52   90  142    -46.36
   52   91  143    -40.39
   52   92  144    -36.51
   52   93  145    -30.43
   52   94  146    -26.21
   52   95  147    -19.97
   52   96  148    -15.50
   52   97  149     -9.02
   52   98  150     -4.24
   52   99  151      2.49
   52  100  152      7.53
   52  101  153     14.37
   52  102  154     19.62
   52  103  155     26.66
   52  104  156     32.41
   52  105  157     39.93
   52  106  158     45.85
   52  107  159     53.57
   52  108  160     59.71
   52  109  161     67.45
   52  110  162     73.69
   52  111  163     81.56
   52  112  164     87.91
   52  113  165     96.07
   52  114  166    102.40
   52  115  167    110.50
   52  116  168    117.15
   52  117  169    125.08
   52  118  170    131.85
   52  119  171    140.56
   52  120  172    147.23
   52  121  173    155.80
   52  122  174    162.51
   52  123  175    170.64
   52  124  176    177.49
   53   48  101     -8.07
   53   49  102    -15.83
   53   50  103    -25.60
   53   51  104    -31.23
   53   52  105    -38.44
   53   53  106    -42.45
   53   54  107    -48.52
   53   55  108    -51.95
   53   56  109    -57.01
   53   57  110    -59.87
   53   58  111    -64.31
   53   59  112    -66.69
   53   60  113    -70.55
   53   61  114    -72.53
   53   62  115    -75.85
   53   63  116    -77.28
   53   64  117    -80.16
   53   65  118    -81.06
   53   66  119    -83.52
   53   67  120    -83.97
   53   68  121    -85.78
   53   69  122    -85.76
   53   70  123    -87.40
   53   71  124    -86.90
   53   72  125    -88.20
   53   73  126    -87.41
   53   74  127    -88.41
   53   75  128    -87.38
   53   76  129    -88.19
   53   77  130    -86.88
   53   78  131    -87.55
   53   79  132    -86.08
   53   80  133    -86.57
   53   81  134    -84.68
   53   82  135    -84.28
   53   83  136    -80.21
   53   84  137    -77.15
   53   85  138    -71.50
   53   86  139    -68.25
   53   87  140    -63.15
   53   88  141    -59.69
   53   89  142    -54.35
   53   90  143    -50.77
   53   91  144    -45.37
   53   92  145    -41.55
   53   93  146    -36.14
   53   94  147    -31.97
   53   95  148    -26.30
   53   96  149    -21.91
   53   97  150    -15.91
   53   98  151    -11.24
   53   99  152     -5.16
   53  100  153     -0.18
   53  101  154      6.12
   53  102  155     11.34
   53  103  156     17.78
   53  104  157     23.47
   53  105  158     30.54
   53  106  159     36.41
   53  107  160     43.63
   53  108  161     49.67
   53  109  162     57.01
   53  110  163     63.16
   53  111  164     70.68
   53  112  165     77.16
   53  113  166     84.81
   53  114  167     91.25
   53  115  168     98.83
   53  116  169    105.50
   53  117  170    113.35
   53  118  171    119.75
   53  119  172    128.00
   53  120  173    134.85
   53  121  174    142.97
   53  122  175    149.80
   53  123  176    157.41
   53  124  177    164.26
   53  125  178    172.08
   53  126  179    179.34
   54   49  103     -5.29
   54   50  104    -15.87
   54   51  105    -21.52
   54   52  106    -29.50
   54   53  107    -34.24
   54   54  108    -41.38
   54   55  109    -45.02
   54   56  110    -50.91
   54   57  111    -53.86
   54   58  112    -59.20
   54   59  113    -61.76
   54   60  114    -66.46
   54   61  115    -68.54
   54   62  116    -72.61
   54   63  117    -74.07
   54   64  118    -77.67
   54   65  119    -78.66
   54   66  120    -81.79
   54   67  121    -82.30
   54   68  122    -84.95
   54   69  123    -85.04
   54   70  124    -87.10
   54   71  125    -86.77
   54   72  126    -88.42
   54   73  127    -87.65
   54   74  128    -89.08
   54   75  129    -88.02
   54   76  130    -89.24
   54   77  131    -87.98
   54   78  132    -89.20
   54   79  133    -87.92
   54   80  134    -88.75
   54   81  135    -86.99
   54   82  136    -87.16
   54   83  137    -83.23
   54   84  138    -80.61
   54   85  139    -75.52
   54   86  140    -72.75
   54   87  141    -67.98
   54   88  142    -65.22
   54   89  143    -60.19
   54   90  144    -57.05
   54   91  145    -51.75
   54   92  146    -48.66
   54   93  147    -43.39
   54   94  148    -39.79
   54   95  149    -34.15
   54   96  150    -30.24
   54   97  151    -24.43
   54   98  152    -20.26
   54   99  153    -14.27
   54  100  154     -9.91
   54  101  155     -3.76
   54  102  156      0.92
   54  103  157      7.48
   54  104  158     12.69
   54  105  159     19.70
   54  106  160     25.14
   54  107  161     32.32
   54  108  162     37.90
   54  109  163     45.23
   54  110  164     50.99
   54  111  165     58.50
   54  112  166     64.39
   54  113  167     72.07
   54  114  168     78.24
   54  115  169     85.94
   54  116  170     92.01
   54  117  171    100.01
   54  118  172    106.28
   54  119  173    114.25
   54  120  174    120.75
   54  121  175    128.77
   54  122  176    135.08
   54  123  177    142.86
   54  124  178    149.35
   54  125  179    157.03
   54  126  180    164.04
   54  127  181    174.40
   54  128  182    183.49
   55   51  106     -9.41
   55   52  107    -17.67
   55   53  108    -23.33
   55   54  109    -30.69
   55   55  110    -35.75
   55   56  111    -42.19
   55   57  112    -45.81
   55   58  113    -51.16
   55   59  114    -54.42
   55   60  115    -59.48
   55   61  116    -62.19
   55   62  117    -66.42
   55   63  118    -68.53
   55   64  119    -72.20
   55   65  120    -73.86
   55   66  121    -77.10
   55   67  122    -78.30
   55   68  123    -80.98
   55   69  124    -81.73
   55   70  125    -83.72
   55   71  126    -83.98
   55   72  127    -85.68
   55   73  128    -85.48
   55   74  129    -86.88
   55   75  130    -86.38
   55   76  131    -87.43
   55   77  132    -86.60
   55   78  133    -87.67
   55   79  134    -86.75
   55   80  135    -87.95
   55   81  136    -86.81
   55   82  137    -87.03
   55   83  138    -83.75
   55   84  139    -81.11
   55   85  140    -76.57
   55   86  141    -74.21
   55   87  142    -70.26
   55   88  143    -67.60
   55   89  144    -63.32
   55   90  145    -60.28
   55   91  146    -55.51
   55   92  147    -52.51
   55   93  148    -47.80
   55   94  149    -44.23
   55   95  150    -39.19
   55   96  151    -35.35
   55   97  152    -30.17
   55   98  153    -26.10
   55   99  154    -20.61
   55  100  155    -16.37
   55  101  156    -10.76
   55  102  157     -6.15
   55  103  158     -0.09
   55  104  159      5.07
   55  105  160     11.66
   55  106  161     16.99
   55  107  162     23.72
   55  108  163     29.27
   55  109  164     36.17
   55  110  165     41.91
   55  111  166     48.99
   55  112  167     54.79
   55  113  168     62.08
   55  114  169     68.18
   55  115  170     75.50
   55  116  171     81.68
   55  117  172     89.03
   55  118  173     95.35
   55  119  174    102.74
   55  120  175    109.59
   55  121  176    117.18
   55  122  177    123.50
   55  123  178    130.82
   55  124  179    137.28
   55  125  180    144.60
   55  126  181    151.48
   55  127  182    161.46
   55  128  183    170.38
   55  129  184    180.69
   55  130  185    189.70
   56   52  108     -7.99
   56   53  109    -13.81
   56   54  110    -22.22
   56   55  111    -27.53
   56   56  112    -34.70
   56   57  113    -38.58
   56   58  114    -44.94
   56   59  115    -48.50
   56   60  116    -54.38
   56   61  117    -57.23
   56   62  118    -62.13
   56   63  119    -64.36
   56   64  120    -68.68
   56   65  121    -70.41
   56   66  122    -74.31
   56   67  123    -75.60
   56   68  124    -78.94
   56   69  125    -79.75
   56   70  126    -82.49
   56   71  127    -82.75
   56   72  128    -84.90
   56   73  129    -84.75
   56   74  130    -86.57
   56   75  131    -86.07
   56   76  132    -87.63
   56   77  133    -86.80
   56   78  134    -88.38
   56   79  135    -87.45
   56   80  136    -89.18
   56   81  137    -88.09
   56   82  138    -88.92
   56   83  139    -85.60
   56   84  140    -83.76
   56   85  141    -79.29
   56   86  142    -77.60
   56   87  143    -73.83
   56   88  144    -71.92
   56   89  145    -67.67
   56   90  146    -65.20
   56   91  147    -60.74
   56   92  148    -58.30
   56   93  149    -53.78
   56   94  150    -50.82
   56   95  151    -45.94
   56   96  152    -42.60
   56   97  153    -37.44
   56   98  154    -33.90
   56   99  155    -28.51
   56  100  156    -24.74
   56  101  157    -19.21
   56  102  158    -15.16
   56  103  159     -9.10
   56  104  160     -4.45
   56  105  161      2.06
   56  106  162      6.95
   56  107  163     13.66
   56  108  164     18.78
   56  109  165     25.62
   56  110  166     30.96
   56  111  167     38.01
   56  112  168     43.45
   56  113  169     50.54
   56  114  170     56.29
   56  115  171     63.62
   56  116  172     69.40
   56  117  173     76.64
   56  118  174     82.69
   56  119  175     90.11
   56  120  176     96.61
   56  121  177    104.03
   56  122  178    110.13
   56  123  179    117.45
   56  124  180    123.51
   56  125  181    130.71
   56  126  182    137.38
   56  127  183    147.29
   56  128  184    155.59
   56  129  185    165.93
   56  130  186    174.64
   56  131  187    184.20
   56  132  188    192.49
   56  133  189    201.88
   57   53  110     -2.10
   57   54  111    -10.61
   57   55  112    -16.45
   57   56  113    -24.34
   57   57  114    -29.40
   57   58  115    -36.14
   57   59  116    -40.53
   57   60  117    -46.59
   57   61  118    -50.10
   57   62  119    -55.15
   57   63  120    -57.92
   57   64  121    -62.31
   57   65  122    -64.68
   57   66  123    -68.64
   57   67  124    -70.50
   57   68  125    -73.89
   57   69  126    -75.27
   57   70  127    -78.02
   57   71  128    -78.84
   57   72  129    -81.00
   57   73  130    -81.38
   57   74  131    -83.21
   57   75  132    -83.24
   57   76  133    -84.84
   57   77  134    -84.57
   57   78  135    -85.97
   57   79  136    -85.58
   57   80  137    -87.39
   57   81  138    -86.84
   57   82  139    -87.78
   57   83  140    -84.92
   57   84  141    -83.26
   57   85  142    -79.31
   57   86  143    -77.87
   57   87  144    -74.78
   57   88  145    -73.05
   57   89  146    -69.24
   57   90  147    -66.98
   57   91  148    -63.41
   57   92  149    -61.12
   57   93  150    -57.23
   57   94  151    -54.36
   57   95  152    -50.01
   57   96  153    -46.78
   57   97  154    -42.14
   57   98  155    -38.63
   57   99  156    -33.72
   57  100  157    -30.01
   57  101  158    -24.98
   57  102  159    -21.02
   57  103  160    -15.38
   57  104  161    -10.77
   57  105  162     -4.70
   57  106  163      0.18
   57  107  164      6.41
   57  108  165     11.51
   57  109  166     17.98
   57  110  167     23.25
   57  111  168     29.79
   57  112  169     35.20
   57  113  170     41.81
   57  114  171     47.53
   57  115  172     54.42
   57  116  173     60.19
   57  117  174     67.00
   57  118  175     73.03
   57  119  176     80.05
   57  120  177     86.75
   57  121  178     93.62
   57  122  179     99.69
   57  123  180    106.52
   57  124  181    112.62
   57  125  182    119.49
   57  126  183    126.04
   57  127  184    135.32
   57  128  185    143.79
   57  129  186    153.73
   57  130  187    162.31
   57  131  188    171.38
   57  132  189    179.70
   57  133  190    188.78
   57  134  191    197.28
   57  135  192    206.60
   58   55  113     -7.19
   58   56  114    -15.56
   58   57  115    -21.22
   58   58  116    -29.21
   58   59  117    -33.80
   58   60  118    -40.57
   58   61  119    -44.27
   58   62  120    -50.01
   58   63  121    -52.95
   58   64  122    -57.99
   58   65  123    -60.41
   58   66  124    -64.93
   58   67  125    -66.87
   58   68  126    -70.82
   58   69  127    -72.24
   58   70  128    -75.54
   58   71  129    -76.39
   58   72  130    -79.17
   58   73  131    -79.43
   58   74  132    -81.89
   58   75  133    -81.96
   58   76  134    -84.02
   58   77  135    -83.76
   58   78  136    -85.67
   58   79  137    -85.32
   58   80  138    -87.62
   58   81  139    -87.15
   58   82  140    -88.68
   58   83  141    -85.88
   58   84  142    -84.78
   58   85  143    -81.04
   58   86  144    -80.23
   58   87  145    -77.19
   58   88  146    -76.00
   58   89  147    -72.33
   58   90  148    -70.83
   58   91  149    -67.49
   58   92  150    -65.80
   58   93  151    -62.05
   58   94  152    -59.78
   58   95  153    -55.56
   58   96  154    -52.90
   58   97  155    -48.38
   58   98  156    -45.40
   58   99  157    -40.55
   58  100  158    -37.29
   58  101  159    -32.32
   58  102  160    -28.70
   58  103  161    -23.23
   58  104  162    -19.01
   58  105  163    -13.04
   58  106  164     -8.62
   58  107  165     -2.43
   58  108  166      2.23
   58  109  167      8.61
   58  110  168     13.43
   58  111  169     20.03
   58  112  170     25.00
   58  113  171     31.56
   58  114  172     36.82
   58  115  173     43.72
   58  116  174     49.07
   58  117  175     55.93
   58  118  176     61.53
   58  119  177     68.90
   58  120  178     74.94
   58  121  179     81.87
   58  122  180     87.48
   58  123  181     94.39
   58  124  182     99.94
   58  125  183    106.82
   58  126  184    112.90
   58  127  185    122.33
   58  128  186    130.13
   58  129  187    140.24
   58  130  188    148.27
   58  131  189    157.28
   58  132  190    165.15
   58  133  191    174.31
   58  134  192    182.80
   58  135  193    191.68
   58  136  194    199.33
   58  137  195    208.78
   59   56  115     -4.41
   59   57  116    -10.87
   59   58  117    -19.11
   59   59  118    -24.69
   59   60  119    -31.87
   59   61  120    -36.33
   59   62  121    -42.19
   59   63  122    -45.75
   59   64  123    -50.83
   59   65  124    -53.85
   59   66  125    -58.42
   59   67  126    -60.93
   59   68  127    -64.94
   59   69  128    -66.90
   59   70  129    -70.28
   59   71  130    -71.62
   59   72  131    -74.36
   59   73  132    -75.26
   59   74  133    -77.64
   59   75  134    -78.10
   59   76  135    -80.13
   59   77  136    -80.46
   59   78  137    -82.35
   59   79  138    -82.54
   59   80  139    -84.83
   59   81  140    -84.88
   59   82  141    -86.53
   59   83  142    -84.30
   59   84  143    -83.28
   59   85  144    -80.25
   59   86  145    -79.41
   59   87  146    -76.97
   59   88  147    -75.79
   59   89  148    -72.98
   59   90  149    -71.86
   59   91  150    -69.09
   59   92  151    -67.47
   59   93  152    -64.31
   59   94  153    -62.17
   59   95  154    -58.51
   59   96  155    -55.93
   59   97  156    -51.91
   59   98  157    -48.99
   59   99  158    -44.64
   59  100  159    -41.53
   59  101  160    -36.93
   59  102  161    -33.35
   59  103  162    -28.36
   59  104  163    -24.30
   59  105  164    -18.68
   59  106  165    -14.34
   59  107  166     -8.58
   59  108  167     -3.95
   59  109  168      2.04
   59  110  169      6.85
   59  111  170     13.00
   59  112  171     17.96
   59  113  172     24.18
   59  114  173     29.23
   59  115  174     35.70
   59  116  175     41.05
   59  117  176     47.50
   59  118  177     53.07
   59  119  178     60.01
   59  120  179     66.04
   59  121  180     72.60
   59  122  181     78.28
   59  123  182     84.66
   59  124  183     90.22
   59  125  184     96.72
   59  126  185    102.75
   59  127  186    111.73
   59  128  187    119.62
   59  129  188    129.22
   59  130  189    137.07
   59  131  190    145.58
   59  132  191    153.46
   59  133  192    162.71
   59  134  193    170.70
   59  135  194    179.17
   59  136  195    186.87
   59  137  196    195.76
   59  138  197    203.76
   59  139  198    212.89
   60   58  118    -10.69
   60   59  119    -16.66
   60   60  120    -24.83
   60   61  121    -29.40
   60   62  122    -35.90
   60   63  123    -39.56
   60   64  124    -45.30
   60   65  125    -48.36
   60   66  126    -53.54
   60   67  127    -56.13
   60   68  128    -60.75
   60   69  129    -62.80
   60   70  130    -66.76
   60   71  131    -68.17
   60   72  132    -71.49
   60   73  133    -72.20
   60   74  134    -75.13
   60   75  135    -75.73
   60   76  136    -78.32
   60   77  137    -78.62
   60   78  138    -81.01
   60   79  139    -81.30
   60   80  140    -84.10
   60   81  141    -84.29
   60   82  142    -86.48
   60   83  143    -84.33
   60   84  144    -83.82
   60   85  145    -80.85
   60   86  146    -80.52
   60   87  147    -78.22
   60   88  148    -77.71
   60   89  149    -75.16
   60   90  150    -74.70
   60   91  151    -72.02
   60   92  152    -71.02
   60   93  153    -67.89
   60   94  154    -66.40
   60   95  155    -62.80
   60   96  156    -60.82
   60   97  157    -56.90
   60   98  158    -54.54
   60   99  159    -50.28
   60  100  160    -47.66
   60  101  161    -43.19
   60  102  162    -40.19
   60  103  163    -35.20
   60  104  164    -31.54
   60  105  165    -25.93
   60  106  166    -21.93
   60  107  167    -16.24
   60  108  168    -12.08
   60  109  169     -6.12
   60  110  170     -1.75
   60  111  171      4.34
   60  112  172      8.84
   60  113  173     15.04
   60  114  174     19.68
   60  115  175     26.15
   60  116  176     31.07
   60  117  177     37.70
   60  118  178     42.76
   60  119  179     50.26
   60  120  180     55.31
   60  121  181     61.95
   60  122  182     67.17
   60  123  183     73.55
   60  124  184     78.66
   60  125  185     85.13
   60  126  186     90.81
   60  127  187     99.77
   60  128  188    107.12
   60  129  189    116.69
   60  130  190    124.06
   60  131  191    132.73
   60  132  192    140.25
   60  133  193    149.41
   60  134  194    156.90
   60  135  195    165.55
   60  136  196    172.75
   60  137  197    181.49
   60  138  198    189.06
   60  139  199    198.12
   60  140  200    205.85
   60  141  201    215.01
   61   59  120     -5.91
   61   60  121    -14.24
   61   61  122    -19.75
   61   62  123    -26.63
   61   63  124    -30.93
   61   64  125    -36.77
   61   65  126    -40.49
   61   66  127    -45.73
   61   67  128    -48.91
   61   68  129    -53.60
   61   69  130    -56.27
   61   70  131    -60.30
   61   71  132    -62.37
   61   72  133    -65.72
   61   73  134    -67.06
   61   74  135    -69.88
   61   75  136    -71.07
   61   76  137    -73.61
   61   77  138    -74.29
   61   78  139    -76.71
   61   79  140    -77.48
   61   80  141    -80.31
   61   81  142    -81.01
   61   82  143    -83.33
   61   83  144    -81.75
   61   84  145    -81.31
   61   85  146    -78.92
   61   86  147    -78.78
   61   87  148    -77.10
   61   88  149    -76.77
   61   89  150    -74.78
   61   90  151    -74.42
   61   91  152    -72.29
   61   92  153    -71.40
   61   93  154    -68.87
   61   94  155    -67.47
   61   95  156    -64.44
   61   96  157    -62.61
   61   97  158    -59.24
   61   98  159    -57.02
   61   99  160    -53.31
   61  100  161    -50.77
   61  101  162    -46.78
   61  102  163    -43.86
   61  103  164    -39.34
   61  104  165    -35.76
   61  105  166    -30.61
   61  106  167    -26.65
   61  107  168    -21.28
   61  108  169    -17.19
   61  109  170    -11.70
   61  110  171     -7.32
   61  111  172     -1.60
   61  112  173      2.89
   61  113  174      8.66
   61  114  175     13.28
   61  115  176     19.33
   61  116  177     24.22
   61  117  178     30.49
   61  118  179     35.47
   61  119  180     42.49
   61  120  181     47.54
   61  121  182     53.71
   61  122  183     59.00
   61  123  184     65.05
   61  124  185     70.05
   61  125  186     76.10
   61  126  187     81.76
   61  127  188     90.31
   61  128  189     97.64
   61  129  190    106.53
   61  130  191    113.82
   61  131  192    122.34
   61  132  193    129.78
   61  133  194    138.62
   61  134  195    145.94
   61  135  196    154.04
   61  136  197    161.31
   61  137  198    169.65
   61  138  199    177.20
   61  139  200    185.84
   61  140  201    193.52
   61  141  202    202.32
   61  142  203    209.86
   61  143  204    218.65
   61  144  205    226.49
   62   61  123    -11.09
   62   62  124    -18.86
   62   63  125    -23.29
   62   64  126    -29.69
   62   65  127    -33.54
   62   66  128    -39.44
   62   67  129    -42.68
   62   68  130    -48.05
   62   69  131    -50.77
   62   70  132    -55.56
   62   71  133    -57.62
   62   72  134    -61.59
   62   73  135    -63.07
   62   74  136    -66.52
   62   75  137    -67.74
   62   76  138    -70.83
   62   77  139    -71.55
   62   78  140    -74.51
   62   79  141    -75.34
   62   80  142    -78.66
   62   81  143    -79.44
   62   82  144    -82.32
   62   83  145    -80.79
   62   84  146    -80.90
   62   85  147    -78.62
   62   86  148    -78.94
   62   87  149    -77.22
   62   88  150    -77.47
   62   89  151    -75.50
   62   90  152    -75.77
   62   91  153    -73.72
   62   92  154    -73.38
   62   93  155    -70.90
   62   94  156    -70.09
   62   95  157    -67.13
   62   96  158    -65.82
   62   97  159    -62.62
   62   98  160    -60.95
   62   99  161    -57.38
   62  100  162    -55.36
   62  101  163    -51.45
   62  102  164    -49.05
   62  103  165    -44.58
   62  104  166    -41.38
   62  105  167    -36.32
   62  106  168    -32.98
   62  107  169    -27.77
   62  108  170    -24.17
   62  109  171    -18.73
   62  110  172    -14.83
   62  111  173     -9.19
   62  112  174     -5.15
   62  113  175      0.59
   62  114  176      4.76
   62  115  177     10.77
   62  116  178     15.33
   62  117  179     21.65
   62  118  180     26.21
   62  119  181     33.19
   62  120  182     37.81
   62  121  183     44.06
   62  122  184     48.88
   62  123  185     54.94
   62  124  186     59.57
   62  125  187     65.65
   62  126  188     70.90
   62  127  189     79.42
   62  128  190     86.32
   62  129  191     95.18
   62  130  192    102.04
   62  131  193    110.64
   62  132  194    117.72
   62  133  195    126.42
   62  134  196    133.39
   62  135  197    141.42
   62  136  198    148.21
   62  137  199    156.66
   62  138  200    163.80
   62  139  201    172.34
   62  140  202    179.75
   62  141  203    188.41
   62  142  204    195.92
   62  143  205    204.27
   62  144  206    211.71
   62  145  207    220.34
   62  146  208    228.05
   63   62  125     -7.59
   63   63  126    -12.81
   63   64  127    -19.70
   63   65  128    -24.24
   63   66  129    -30.30
   63   67  130    -34.22
   63   68  131    -39.75
   63   69  132    -43.16
   63   70  133    -48.03
   63   71  134    -50.66
   63   72  135    -54.73
   63   73  136    -56.74
   63   74  137    -60.23
   63   75  138    -62.01
   63   76  139    -65.27
   63   77  140    -66.40
   63   78  141    -69.30
   63   79  142    -70.65
   63   80  143    -73.96
   63   81  144    -75.19
   63   82  145    -78.19
   63   83  146    -77.11
   63   84  147    -77.41
   63   85  148    -75.78
   63   86  149    -76.29
   63   87  150    -75.08
   63   88  151    -75.42
   63   89  152    -74.03
   63   90  153    -74.28
   63   91  154    -72.71
   63   92  155    -72.46
   63   93  156    -70.47
   63   94  157    -69.70
   63   95  158    -67.34
   63   96  159    -66.15
   63   97  160    -63.48
   63   98  161    -61.95
   63   99  162    -58.87
   63  100  163    -56.95
   63  101  164    -53.56
   63  102  165    -51.25
   63  103  166    -47.34
   63  104  167    -44.37
   63  105  168    -39.87
   63  106  169    -36.46
   63  107  170    -31.73
   63  108  171    -28.21
   63  109  172    -23.22
   63  110  173    -19.35
   63  111  174    -14.11
   63  112  175    -10.05
   63  113  176     -4.74
   63  114  177     -0.56
   63  115  178      4.97
   63  116  179      9.51
   63  117  180     15.38
   63  118  181     20.00
   63  119  182     26.42
   63  120  183     31.00
   63  121  184     36.86
   63  122  185     41.71
   63  123  186     47.39
   63  124  187     52.11
   63  125  188     57.69
   63  126  189     62.91
   63  127  190     71.03
   63  128  191     77.92
   63  129  192     86.18
   63  130  193     93.00
   63  131  194    101.43
   63  132  195    108.40
   63  133  196    116.71
   63  134  197    123.55
   63  135  198    131.24
   63  136  199    138.07
   63  137  200    146.06
   63  138  201    153.18
   63  139  202    161.38
   63  140  203    168.63
   63  141  204    176.91
   63  142  205    184.01
   63  143  206    192.37
   63  144  207    199.79
   63  145  208    208.00
   63  146  209    215.57
   63  147  210    224.44
   63  148  211    232.48
   64   64  128    -11.35
   64   65  129    -16.06
   64   66  130    -22.81
   64   67  131    -26.88
   64   68  132    -33.15
   64   69  133    -36.68
   64   70  134    -42.20
   64   71  135    -44.94
   64   72  136    -49.60
   64   73  137    -51.71
   64   74  138    -55.99
   64   75  139    -57.68
   64   76  140    -61.56
   64   77  141    -62.03
   64   78  142    -66.21
   64   79  143    -67.64
   64   80  144    -71.33
   64   81  145    -72.78
   64   82  146    -76.25
   64   83  147    -75.24
   64   84  148    -76.07
   64   85  149    -74.49
   64   86  150    -75.43
   64   87  151    -74.22
   64   88  152    -75.10
   64   89  153    -73.68
   64   90  154    -74.46
   64   91  155    -72.92
   64   92  156    -73.18
   64   93  157    -71.24
   64   94  158    -71.02
   64   95  159    -68.74
   64   96  160    -68.12
   64   97  161    -65.50
   64   98  162    -64.51
   64   99  163    -61.54
   64  100  164    -60.18
   64  101  165    -56.87
   64  102  166    -55.03
   64  103  167    -51.24
   64  104  168    -48.79
   64  105  169    -44.40
   64  106  170    -41.71
   64  107  171    -37.12
   64  108  172    -34.10
   64  109  173    -29.19
   64  110  174    -25.83
   64  111  175    -20.64
   64  112  176    -17.05
   64  113  177    -11.76
   64  114  178     -8.00
   64  115  179     -2.46
   64  116  180      1.67
   64  117  181      7.49
   64  118  182     11.80
   64  119  183     18.13
   64  120  184     22.27
   64  121  185     28.15
   64  122  186     32.60
   64  123  187     38.32
   64  124  188     42.68
   64  125  189     48.26
   64  126  190     53.09
   64  127  191     61.18
   64  128  192     67.64
   64  129  193     75.96
   64  130  194     82.40
   64  131  195     90.76
   64  132  196     97.33
   64  133  197    105.50
   64  134  198    112.08
   64  135  199    119.79
   64  136  200    126.15
   64  137  201    134.18
   64  138  202    140.88
   64  139  203    149.05
   64  140  204    155.87
   64  141  205    164.12
   64  142  206    170.89
   64  143  207    179.21
   64  144  208    186.13
   64  145  209    194.48
   64  146  210    201.74
   64  147  211    210.42
   64  148  212    218.04
   64  149  213    227.25
   64  150  214    235.17
   65   65  130     -5.60
   65   66  131    -12.75
   65   67  132    -17.52
   65   68  133    -23.89
   65   69  134    -28.11
   65   70  135    -33.76
   65   71  136    -37.11
   65   72  137    -41.80
   65   73  138    -44.47
   65   74  139    -48.65
   65   75  140    -51.14
   65   76  141    -54.99
   65   77  142    -55.96
   65   78  143    -60.09
   65   79  144    -62.05
   65   80  145    -65.74
   65   81  146    -67.50
   65   82  147    -71.18
   65   83  148    -70.56
   65   84  149    -71.59
   65   85  150    -70.67
   65   86  151    -71.76
   65   87  152    -71.13
   65   88  153    -72.06
   65   89  154    -71.16
   65   90  155    -71.97
   65   91  156    -70.92
   65   92  157    -71.21
   65   93  158    -69.77
   65   94  159    -69.64
   65   95  160    -67.83
   65   96  161    -67.35
   65   97  162    -65.21
   65   98  163    -64.40
   65   99  164    -61.92
   65  100  165    -60.63
   65  101  166    -57.82
   65  102  167    -56.13
   65  103  168    -52.84
   65  104  169    -50.53
   65  105  170    -46.72
   65  106  171    -44.13
   65  107  172    -40.03
   65  108  173    -37.08
   65  109  174    -32.66
   65  110  175    -29.33
   65  111  176    -24.56
   65  112  177    -20.92
   65  113  178    -16.17
   65  114  179    -12.39
   65  115  180     -7.33
   65  116  181     -3.19
   65  117  182      2.26
   65  118  183      6.59
   65  119  184     12.41
   65  120  185     16.52
   65  121  186     21.96
   65  122  187     26.43
   65  123  188     31.85
   65  124  189     36.20
   65  125  190     41.57
   65  126  191     46.17
   65  127  192     53.98
   65  128  193     60.47
   65  129  194     68.28
   65  130  195     74.75
   65  131  196     82.56
   65  132  197     89.07
   65  133  198     96.85
   65  134  199    105.54
   65  135  200    110.69
   65  136  201    117.04
   65  137  202    124.66
   65  138  203    131.30
   65  139  204    139.11
   65  140  205    145.85
   65  141  206    153.73
   65  142  207    160.72
   65  143  208    168.42
   65  144  209    175.25
   65  145  210    183.29
   65  146  211    190.54
   65  147  212    198.95
   65  148  213    206.54
   65  149  214    215.34
   65  150  215    223.18
   65  151  216    231.88
   65  152  217    239.82
   65  153  218    248.91
   66   67  133     -9.38
   66   68  134    -16.42
   66   69  135    -20.71
   66   70  136    -27.02
   66   71  137    -30.48
   66   72  138    -35.79
   66   73  139    -38.62
   66   74  140    -43.46
   66   75  141    -45.83
   66   76  142    -50.28
   66   77  143    -51.27
   66   78  144    -56.03
   66   79  145    -58.06
   66   80  146    -62.21
   66   81  147    -64.25
   66   82  148    -68.31
   66   83  149    -67.96
   66   84  150    -69.43
   66   85  151    -68.41
   66   86  152    -69.93
   66   87  153    -69.27
   66   88  154    -70.72
   66   89  155    -69.84
   66   90  156    -71.11
   66   91  157    -70.09
   66   92  158    -70.91
   66   93  159    -69.49
   66   94  160    -69.90
   66   95  161    -68.16
   66   96  162    -68.24
   66   97  163    -66.17
   66   98  164    -65.91
   66   99  165    -63.52
   66  100  166    -62.78
   66  101  167    -60.06
   66  102  168    -58.90
   66  103  169    -55.76
   66  104  170    -53.96
   66  105  171    -50.28
   66  106  172    -48.22
   66  107  173    -44.24
   66  108  174    -41.85
   66  109  175    -37.49
   66  110  176    -34.67
   66  111  177    -30.00
   66  112  178    -26.92
   66  113  179    -22.08
   66  114  180    -18.77
   66  115  181    -13.70
   66  116  182    -10.01
   66  117  183     -4.55
   66  118  184     -0.64
   66  119  185      5.13
   66  120  186      8.79
   66  121  187     14.27
   66  122  188     18.33
   66  123  189     23.73
   66  124  190     27.69
   66  125  191     32.98
   66  126  192     37.30
   66  127  193     45.08
   66  128  194     50.95
   66  129  195     58.94
   66  130  196     65.18
   66  131  197     73.01
   66  132  198     79.10
   66  133  199     86.85
   66  134  200     92.93
   66  135  201    100.31
   66  136  202    106.25
   66  137  203    113.87
   66  138  204    120.12
   66  139  205    127.87
   66  140  206    134.21
   66  141  207    142.12
   66  142  208    148.64
   66  143  209    156.62
   66  144  210    162.96
   66  145  211    170.96
   66  146  212    177.70
   66  147  213    186.08
   66  148  214    193.32
   66  149  215    201.99
   66  150  216    209.43
   66  151  217    218.09
   66  152  218    225.61
   66  153  219    234.80
   66  154  220    242.69
   66  155  221    252.07
   67   69  136    -11.27
   67   70  137    -17.71
   67   71  138    -21.75
   67   72  139    -27.16
   67   73  140    -30.52
   67   74  141    -35.28
   67   75  142    -38.43
   67   76  143    -42.85
   67   77  144    -44.24
   67   78  145    -48.99
   67   79  146    -51.57
   67   80  147    -55.76
   67   81  148    -58.00
   67   82  149    -62.17
   67   83  150    -62.24
   67   84  151    -63.96
   67   85  152    -63.64
   67   86  153    -65.25
   67   87  154    -65.08
   67   88  155    -66.64
   67   89  156    -66.29
   67   90  157    -67.58
   67   91  158    -67.03
   67   92  159    -67.85
   67   93  160    -66.98
   67   94  161    -67.47
   67   95  162    -66.26
   67   96  163    -66.43
   67   97  164    -64.89
   67   98  165    -64.72
   67   99  166    -62.88
   67  100  167    -62.21
   67  101  168    -60.02
   67  102  169    -59.00
   67  103  170    -56.34
   67  104  171    -54.66
   67  105  172    -51.53
   67  106  173    -49.61
   67  107  174    -46.19
   67  108  175    -43.84
   67  109  176    -39.95
   67  110  177    -37.17
   67  111  178    -32.97
   67  112  179    -29.86
   67  113  180    -25.50
   67  114  181    -22.19
   67  115  182    -17.56
   67  116  183    -13.88
   67  117  184     -8.90
   67  118  185     -4.86
   67  119  186      0.40
   67  120  187      4.02
   67  121  188      9.15
   67  122  189     13.16
   67  123  190     18.14
   67  124  191     22.10
   67  125  192     27.13
   67  126  193     31.35
   67  127  194     38.71
   67  128  195     44.62
   67  129  196     52.39
   67  130  197     58.51
   67  131  198     65.85
   67  132  199     71.88
   67  133  200     79.23
   67  134  201     85.22
   67  135  202     92.22
   67  136  203     98.17
   67  137  204    105.38
   67  138  205    111.59
   67  139  206    118.96
   67  140  207    125.27
   67  141  208    132.77
   67  142  209    139.37
   67  143  210    146.87
   67  144  211    153.22
   67  145  212    160.84
   67  146  213    167.70
   67  147  214    175.62
   67  148  215    182.73
   67  149  216    190.97
   67  150  217    198.31
   67  151  218    206.55
   67  152  219    214.01
   67  153  220    222.69
   67  154  221    230.64
   67  155  222    239.60
   67  156  223    247.63
   67  157  224    256.62
   68   70  138     -9.87
   68   71  139    -14.06
   68   72  140    -19.98
   68   73  141    -23.50
   68   74  142    -28.87
   68   75  143    -31.96
   68   76  144    -36.92
   68   77  145    -38.51
   68   78  146    -43.84
   68   79  147    -46.49
   68   80  148    -51.23
   68   81  149    -53.58
   68   82  150    -58.27
   68   83  151    -58.42
   68   84  152    -60.67
   68   85  153    -60.48
   68   86  154    -62.46
   68   87  155    -62.24
   68   88  156    -64.22
   68   89  157    -63.86
   68   90  158    -65.56
   68   91  159    -65.07
   68   92  160    -66.48
   68   93  161    -65.62
   68   94  162    -66.64
   68   95  163    -65.50
   68   96  164    -66.18
   68   97  165    -64.76
   68   98  166    -65.10
   68   99  167    -63.35
   68  100  168    -63.24
   68  101  169    -61.15
   68  102  170    -60.58
   68  103  171    -58.06
   68  104  172    -56.93
   68  105  173    -53.92
   68  106  174    -52.52
   68  107  175    -49.21
   68  108  176    -47.40
   68  109  177    -43.61
   68  110  178    -41.31
   68  111  179    -37.23
   68  112  180    -34.62
   68  113  181    -30.33
   68  114  182    -27.49
   68  115  183    -22.87
   68  116  184    -19.63
   68  117  185    -14.68
   68  118  186    -11.05
   68  119  187     -5.88
   68  120  188     -2.68
   68  121  189      2.44
   68  122  190      6.02
   68  123  191     10.98
   68  124  192     14.54
   68  125  193     19.43
   68  126  194     23.39
   68  127  195     30.73
   68  128  196     36.14
   68  129  197     43.95
   68  130  198     49.71
   68  131  199     57.18
   68  132  200     62.81
   68  133  201     70.14
   68  134  202     75.77
   68  135  203     82.86
   68  136  204     88.44
   68  137  205     95.64
   68  138  206    101.46
   68  139  207    108.84
   68  140  208    114.77
   68  141  209    122.22
   68  142  210    128.40
   68  143  211    136.06
   68  144  212    142.20
   68  145  213    149.63
   68  146  214    155.96
   68  147  215    163.90
   68  148  216    170.58
   68  149  217    178.75
   68  150  218    185.64
   68  151  219    193.84
   68  152  220    200.90
   68  153  221    209.60
   68  154  222    217.05
   68  155  223    225.94
   68  156  224    233.52
   68  157  225    242.53
   68  158  226    250.21
   68  159  227    259.20
   69   72  141    -10.36
   69   73  142    -14.38
   69   74  143    -19.78
   69   75  144    -23.60
   69   76  145    -28.63
   69   77  146    -30.62
   69   78  147    -36.00
   69   79  148    -39.22
   69   80  149    -44.02
   69   81  150    -46.62
   69   82  151    -51.30
   69   83  152    -52.02
   69   84  153    -54.31
   69   85  154    -54.76
   69   86  155    -56.82
   69   87  156    -57.16
   69   88  157    -59.18
   69   89  158    -59.30
   69   90  159    -61.04
   69   91  160    -60.91
   69   92  161    -62.40
   69   93  162    -62.06
   69   94  163    -63.12
   69   95  164    -62.53
   69   96  165    -63.27
   69   97  166    -62.35
   69   98  167    -62.79
   69   99  168    -61.58
   69  100  169    -61.53
   69  101  170    -59.94
   69  102  171    -59.49
   69  103  172    -57.44
   69  104  173    -56.45
   69  105  174    -53.96
   69  106  175    -52.70
   69  107  176    -49.97
   69  108  177    -48.21
   69  109  178    -44.93
   69  110  179    -42.72
   69  111  180    -39.08
   69  112  181    -36.52
   69  113  182    -32.67
   69  114  183    -29.86
   69  115  184    -25.68
   69  116  185    -22.52
   69  117  186    -17.98
   69  118  187    -14.37
   69  119  188     -9.57
   69  120  189     -6.44
   69  121  190     -1.72
   69  122  191      1.85
   69  123  192      6.36
   69  124  193      9.92
   69  125  194     14.42
   69  126  195     18.28
   69  127  196     25.28
   69  128  197     30.66
   69  129  198     38.11
   69  130  199     44.02
   69  131  200     50.80
   69  132  201     56.47
   69  133  202     63.45
   69  134  203     69.08
   69  135  204     75.80
   69  136  205     81.40
   69  137  206     88.19
   69  138  207     93.98
   69  139  208    100.96
   69  140  209    106.86
   69  141  210    113.92
   69  142  211    120.07
   69  143  212    127.28
   69  144  213    133.39
   69  145  214    140.79
   69  146  215    146.90
   69  147  216    154.32
   69  148  217    161.04
   69  149  218    168.81
   69  150  219    175.67
   69  151  220    183.49
   69  152  221    190.51
   69  153  222    198.80
   69  154  223    206.21
   69  155  224    214.66
   69  156  225    222.23
   69  157  226    230.79
   69  158  227    238.42
   69  159  228    247.05
   69  160  229    254.75
   69  161  230    263.47
   70   73  143     -6.29
   70   74  144    -12.28
   70   75  145    -16.12
   70   76  146    -20.17
   70   77  147    -23.95
   70   78  148    -29.94
   70   79  149    -33.21
   70   80  150    -38.62
   70   81  151    -41.28
   70   82  152    -46.54
   70   83  153    -47.30
   70   84  154    -50.13
   70   85  155    -50.26
   70   86  156    -53.05
   70   87  157    -53.45
   70   88  158    -55.81
   70   89  159    -55.93
   70   90  160    -58.14
   70   91  161    -58.01
   70   92  162    -59.90
   70   93  163    -59.64
   70   94  164    -61.25
   70   95  165    -60.65
   70   96  166    -61.95
   70   97  167    -61.03
   70   98  168    -61.99
   70   99  169    -60.80
   70  100  170    -61.29
   70  101  171    -59.73
   70  102  172    -59.80
   70  103  173    -57.83
   70  104  174    -57.35
   70  105  175    -55.06
   70  106  176    -54.29
   70  107  177    -51.65
   70  108  178    -50.48
   70  109  179    -47.29
   70  110  180    -45.61
   70  111  181    -42.08
   70  112  182    -40.10
   70  113  183    -36.19
   70  114  184    -33.97
   70  115  185    -29.90
   70  116  186    -27.12
   70  117  187    -22.65
   70  118  188    -19.54
   70  119  189    -14.73
   70  120  190    -12.04
   70  121  191     -7.39
   70  122  192     -4.28
   70  123  193      0.16
   70  124  194      3.29
   70  125  195      7.75
   70  126  196     11.25
   70  127  197     18.05
   70  128  198     23.13
   70  129  199     30.69
   70  130  200     36.13
   70  131  201     43.01
   70  132  202     48.33
   70  133  203     55.18
   70  134  204     60.62
   70  135  205     67.44
   70  136  206     72.68
   70  137  207     79.47
   70  138  208     84.88
   70  139  209     91.84
   70  140  210     97.36
   70  141  211    104.46
   70  142  212    110.18
   70  143  213    117.37
   70  144  214    123.25
   70  145  215    130.49
   70  146  216    136.26
   70  147  217    143.78
   70  148  218    150.02
   70  149  219    157.71
   70  150  220    164.18
   70  151  221    171.98
   70  152  222    178.63
   70  153  223    186.91
   70  154  224    193.94
   70  155  225    202.36
   70  156  226    209.50
   70  157  227    217.99
   70  158  228    225.24
   70  159  229    233.72
   70  160  230    240.99
   70  161  231    249.63
   70  162  232    257.10
   70  163  233    266.35
   70  164  234    274.47
   71   75  146     -6.43
   71   76  147    -10.80
   71   77  148    -15.08
   71   78  149    -21.14
   71   79  150    -24.92
   71   80  151    -30.34
   71   81  152    -33.53
   71   82  153    -38.84
   71   83  154    -40.15
   71   84  155    -43.04
   71   85  156    -43.79
   71   86  157    -46.59
   71   87  158    -47.49
   71   88  159    -49.92
   71   89  160    -50.52
   71   90  161    -52.72
   71   91  162    -53.04
   71   92  163    -54.90
   71   93  164    -55.04
   71   94  165    -56.78
   71   95  166    -56.65
   71   96  167    -57.91
   71   97  168    -57.46
   71   98  169    -58.49
   71   99  170    -57.73
   71  100  171    -58.29
   71  101  172    -57.23
   71  102  173    -57.32
   71  103  174    -55.90
   71  104  175    -55.53
   71  105  176    -53.72
   71  106  177    -53.15
   71  107  178    -51.01
   71  108  179    -49.94
   71  109  180    -47.24
   71  110  181    -45.69
   71  111  182    -42.67
   71  112  183    -40.68
   71  113  184    -37.52
   71  114  185    -35.20
   71  115  186    -31.63
   71  116  187    -28.98
   71  117  188    -24.99
   71  118  189    -21.91
   71  119  190    -17.38
   71  120  191    -14.75
   71  121  192    -10.56
   71  122  193     -7.50
   71  123  194     -3.52
   71  124  195     -0.41
   71  125  196      3.69
   71  126  197      7.21
   71  127  198     13.47
   71  128  199     18.53
   71  129  200     25.61
   71  130  201     31.13
   71  131  202     37.62
   71  132  203     42.93
   71  133  204     49.43
   71  134  205     54.84
   71  135  206     61.28
   71  136  207     66.56
   71  137  208     73.04
   71  138  209     78.38
   71  139  210     84.94
   71  140  211     90.45
   71  141  212     97.17
   71  142  213    102.84
   71  143  214    109.68
   71  144  215    115.52
   71  145  216    122.41
   71  146  217    128.44
   71  147  218    135.59
   71  148  219    141.46
   71  149  220    148.82
   71  150  221    155.24
   71  151  222    162.66
   71  152  223    169.27
   71  153  224    177.17
   71  154  225    184.14
   71  155  226    192.20
   71  156  227    199.32
   71  157  228    207.44
   71  158  229    214.61
   71  159  230    222.71
   71  160  231    229.91
   71  161  232    238.15
   71  162  233    245.56
   71  163  234    254.49
   71  164  235    262.42
   71  165  236    271.52
   71  166  237    279.64
   72   77  149     -7.26
   72   78  150    -13.98
   72   79  151    -17.85
   72   80  152    -23.90
   72   81  153    -27.26
   72   82  154    -33.25
   72   83  155    -34.53
   72   84  156    -37.99
   72   85  157    -38.82
   72   86  158    -41.80
   72   87  159    -42.83
   72   88  160    -45.74
   72   89  161    -46.32
   72   90  162    -48.98
   72   91  163    -49.32
   72   92  164    -51.63
   72   93  165    -51.73
   72   94  166    -53.82
   72   95  167    -53.74
   72   96  168    -55.55
   72   97  169    -55.11
   72   98  170    -56.58
   72   99  171    -55.85
   72  100  172    -56.89
   72  101  173    -55.82
   72  102  174    -56.47
   72  103  175    -55.09
   72  104  176    -55.26
   72  105  177    -53.54
   72  106  178    -53.45
   72  107  179    -51.40
   72  108  180    -50.79
   72  109  181    -48.17
   72  110  182    -47.16
   72  111  183    -44.23
   72  112  184    -42.82
   72  113  185    -39.50
   72  114  186    -37.92
   72  115  187    -34.42
   72  116  188    -32.29
   72  117  189    -28.30
   72  118  190    -26.01
   72  119  191    -21.47
   72  120  192    -19.31
   72  121  193    -15.22
   72  122  194    -12.77
   72  123  195     -8.74
   72  124  196     -6.09
   72  125  197     -2.00
   72  126  198      1.06
   72  127  199      7.30
   72  128  200     11.93
   72  129  201     18.79
   72  130  202     23.98
   72  131  203     30.78
   72  132  204     35.71
   72  133  205     42.34
   72  134  206     47.18
   72  135  207     53.89
   72  136  208     58.81
   72  137  209     65.27
   72  138  210     70.30
   72  139  211     76.86
   72  140  212     81.96
   72  141  213     88.67
   72  142  214     93.99
   72  143  215    100.81
   72  144  216    106.25
   72  145  217    113.18
   72  146  218    118.82
   72  147  219    125.97
   72  148  220    131.77
   72  149  221    138.85
   72  150  222    144.85
   72  151  223    152.32
   72  152  224    158.48
   72  153  225    166.48
   72  154  226    173.01
   72  155  227    181.33
   72  156  228    187.99
   72  157  229    196.02
   72  158  230    202.56
   72  159  231    210.60
   72  160  232    217.40
   72  161  233    225.59
   72  162  234    232.60
   72  163  235    241.44
   72  164  236    249.11
   72  165  237    258.02
   72  166  238    265.78
   72  167  239    274.82
   72  168  240    284.42
   73   78  151     -4.33
   73   79  152     -8.78
   73   80  153    -14.92
   73   81  154    -18.78
   73   82  155    -24.87
   73   83  156    -26.64
   73   84  157    -30.22
   73   85  158    -31.44
   73   86  159    -34.62
   73   87  160    -36.09
   73   88  161    -38.97
   73   89  162    -40.09
   73   90  163    -42.75
   73   91  164    -43.55
   73   92  165    -45.88
   73   93  166    -46.42
   73   94  167    -48.52
   73   95  168    -48.80
   73   96  169    -50.67
   73   97  170    -50.69
   73   98  171    -52.19
   73   99  172    -51.89
   73  100  173    -52.97
   73  101  174    -52.32
   73  102  175    -53.04
   73  103  176    -52.14
   73  104  177    -52.39
   73  105  178    -51.13
   73  106  179    -51.21
   73  107  180    -49.59
   73  108  181    -49.09
   73  109  182    -47.00
   73  110  183    -46.00
   73  111  184    -43.64
   73  112  185    -42.33
   73  113  186    -39.64
   73  114  187    -38.15
   73  115  188    -35.03
   73  116  189    -33.03
   73  117  190    -29.53
   73  118  191    -27.47
   73  119  192    -23.15
   73  120  193    -21.05
   73  121  194    -17.44
   73  122  195    -15.07
   73  123  196    -11.47
   73  124  197     -8.86
   73  125  198     -5.17
   73  126  199     -2.12
   73  127  200      3.69
   73  128  201      8.27
   73  129  202     14.81
   73  130  203     19.88
   73  131  204     26.22
   73  132  205     31.21
   73  133  206     37.40
   73  134  207     42.29
   73  135  208     48.66
   73  136  209     53.58
   73  137  210     59.71
   73  138  211     64.78
   73  139  212     70.91
   73  140  213     76.01
   73  141  214     82.34
   73  142  215     87.64
   73  143  216     94.14
   73  144  217     99.55
   73  145  218    106.22
   73  146  219    111.83
   73  147  220    118.56
   73  148  221    124.34
   73  149  222    131.25
   73  150  223    137.23
   73  151  224    144.36
   73  152  225    150.26
   73  153  226    158.12
   73  154  227    164.57
   73  155  228    172.37
   73  156  229    178.98
   73  157  230    186.62
   73  158  231    193.28
   73  159  232    200.78
   73  160  233    207.51
   73  161  234    215.35
   73  162  235    222.30
   73  163  236    230.76
   73  164  237    238.24
   73  165  238    246.86
   73  166  239    254.57
   73  167  240    263.86
   73  168  241    272.55
   73  169  242    281.49
   73  170  243    289.21
   74   80  154     -7.65
   74   81  155    -11.70
   74   82  156    -18.17
   74   83  157    -20.16
   74   84  158    -24.28
   74   85  159    -25.42
   74   86  160    -29.04
   74   87  161    -30.43
   74   88  162    -33.85
   74   89  163    -35.00
   74   90  164    -38.11
   74   91  165    -38.95
   74   92  166    -41.74
   74   93  167    -42.31
   74   94  168    -44.83
   74   95  169    -45.11
   74   96  170    -47.40
   74   97  171    -47.40
   74   98  172    -49.31
   74   99  173    -49.02
   74  100  174    -50.55
   74  101  175    -49.90
   74  102  176    -51.14
   74  103  177    -50.22
   74  104  178    -51.05
   74  105  179    -49.83
   74  106  180    -50.41
   74  107  181    -48.85
   74  108  182    -48.84
   74  109  183    -46.83
   74  110  184    -46.39
   74  111  185    -44.03
   74  112  186    -43.33
   74  113  187    -40.73
   74  114  188    -39.60
   74  115  189    -36.68
   74  116  190    -35.11
   74  117  191    -32.17
   74  118  192    -30.47
   74  119  193    -26.17
   74  120  194    -24.55
   74  121  195    -21.04
   74  122  196    -19.22
   74  123  197    -15.68
   74  124  198    -13.61
   74  125  199    -10.01
   74  126  200     -7.34
   74  127  201     -1.53
   74  128  202      2.56
   74  129  203      8.94
   74  130  204     13.62
   74  131  205     20.22
   74  132  206     24.84
   74  133  207     31.24
   74  134  208     35.71
   74  135  209     41.97
   74  136  210     46.72
   74  137  211     52.92
   74  138  212     57.58
   74  139  213     63.81
   74  140  214     68.54
   74  141  215     74.88
   74  142  216     79.81
   74  143  217     86.29
   74  144  218     91.33
   74  145  219     97.92
   74  146  220    103.21
   74  147  221    109.92
   74  148  222    115.36
   74  149  223    122.25
   74  150  224    127.87
   74  151  225    135.00
   74  152  226    140.85
   74  153  227    148.38
   74  154  228    154.59
   74  155  229    162.19
   74  156  230    168.40
   74  157  231    176.02
   74  158  232    182.30
   74  159  233    189.91
   74  160  234    196.29
   74  161  235    204.09
   74  162  236    210.65
   74  163  237    218.95
   74  164  238    226.16
   74  165  239    234.84
   74  166  240    242.39
   74  167  241    251.19
   74  168  242    259.53
   74  169  243    268.15
   74  170  244    275.33
   74  171  245    286.50
   74  172  246    293.78
   74  173  247    303.29
   75   81  156     -2.46
   75   82  157     -9.06
   75   83  158    -11.49
   75   84  159    -15.71
   75   85  160    -17.48
   75   86  161    -21.03
   75   87  162    -22.96
   75   88  163    -26.33
   75   89  164    -27.89
   75   90  165    -31.03
   75   91  166    -32.30
   75   92  167    -35.04
   75   93  168    -36.11
   75   94  169    -38.63
   75   95  170    -39.36
   75   96  171    -41.65
   75   97  172    -42.12
   75   98  173    -44.02
   75   99  174    -44.24
   75  100  175    -45.81
   75  101  176    -45.69
   75  102  177    -46.92
   75  103  178    -46.47
   75  104  179    -47.41
   75  105  180    -46.62
   75  106  181    -47.24
   75  107  182    -46.18
   75  108  183    -46.33
   75  109  184    -44.74
   75  110  185    -44.33
   75  111  186    -42.44
   75  112  187    -41.71
   75  113  188    -39.61
   75  114  189    -38.51
   75  115  190    -36.13
   75  116  191    -34.95
   75  117  192    -32.49
   75  118  193    -30.90
   75  119  194    -27.60
   75  120  195    -25.41
   75  121  196    -22.34
   75  122  197    -20.66
   75  123  198    -17.53
   75  124  199    -15.50
   75  125  200    -12.13
   75  126  201     -9.53
   75  127  202     -4.19
   75  128  203      0.00
   75  129  204      6.05
   75  130  205     10.56
   75  131  206     16.57
   75  132  207     21.18
   75  133  208     27.16
   75  134  209     31.72
   75  135  210     37.61
   75  136  211     42.40
   75  137  212     48.26
   75  138  213     52.95
   75  139  214     58.83
   75  140  215     63.56
   75  141  216     69.51
   75  142  217     74.44
   75  143  218     80.56
   75  144  219     85.59
   75  145  220     91.84
   75  146  221     97.05
   75  147  222    103.46
   75  148  223    108.86
   75  149  224    115.37
   75  150  225    121.01
   75  151  226    127.72
   75  152  227    133.55
   75  153  228    140.75
   75  154  229    146.82
   75  155  230    154.05
   75  156  231    160.26
   75  157  232    167.61
   75  158  233    173.85
   75  159  234    181.15
   75  160  235    187.42
   75  161  236    194.94
   75  162  237    201.42
   75  163  238    209.40
   75  164  239    216.63
   75  165  240    224.90
   75  166  241    232.80
   75  167  242    241.49
   75  168  243    248.80
   75  169  244    257.09
   75  170  245    265.14
   75  171  246    275.02
   75  172  247    282.39
   75  173  248    291.34
   75  174  249    298.72
   75  175  250    307.22
   76   83  159     -4.33
   76   84  160     -9.07
   76   85  161    -10.71
   76   86  162    -14.69
   76   87  163    -16.41
   76   88  164    -20.24
   76   89  165    -21.84
   76   90  166    -25.44
   76   91  167    -26.77
   76   92  168    -30.02
   76   93  169    -30.97
   76   94  170    -33.98
   76   95  171    -34.77
   76   96  172    -37.45
   76   97  173    -37.92
   76   98  174    -40.34
   76   99  175    -40.35
   76  100  176    -42.45
   76  101  177    -42.30
   76  102  178    -44.04
   76  103  179    -43.56
   76  104  180    -45.06
   76  105  181    -44.26
   76  106  182    -45.39
   76  107  183    -44.33
   76  108  184    -45.02
   76  109  185    -43.45
   76  110  186    -43.56
   76  111  187    -41.72
   76  112  188    -41.35
   76  113  189    -39.26
   76  114  190    -38.69
   76  115  191    -36.53
   76  116  192    -36.02
   76  117  193    -33.62
   76  118  194    -32.62
   76  119  195    -29.61
   76  120  196    -27.97
   76  121  197    -25.09
   76  122  198    -23.90
   76  123  199    -20.85
   76  124  200    -19.29
   76  125  201    -16.14
   76  126  202    -13.90
   76  127  203     -8.64
   76  128  204     -4.89
   76  129  205      1.11
   76  130  206      5.25
   76  131  207     11.39
   76  132  208     15.66
   76  133  209     21.82
   76  134  210     26.04
   76  135  211     31.94
   76  136  212     36.26
   76  137  213     42.33
   76  138  214     46.68
   76  139  215     52.60
   76  140  216     57.00
   76  141  217     63.03
   76  142  218     67.58
   76  143  219     73.74
   76  144  220     78.36
   76  145  221     84.62
   76  146  222     89.48
   76  147  223     95.84
   76  148  224    100.85
   76  149  225    107.40
   76  150  226    112.64
   76  151  227    119.39
   76  152  228    124.86
   76  153  229    132.04
   76  154  230    137.76
   76  155  231    145.00
   76  156  232    150.89
   76  157  233    158.30
   76  158  234    164.19
   76  159  235    171.49
   76  160  236    177.43
   76  161  237    184.90
   76  162  238    190.99
   76  163  239    199.02
   76  164  240    205.99
   76  165  241    214.46
   76  166  242    221.93
   76  167  243    230.19
   76  168  244    237.37
   76  169  245    247.15
   76  170  246    254.94
   76  171  247    262.36
   76  172  248    269.33
   76  173  249    278.66
   76  174  250    285.71
   76  175  251    294.13
   76  176  252    301.56
   76  177  253    309.85
   77   85  162     -2.20
   77   86  163     -6.12
   77   87  164     -8.16
   77   88  165    -11.88
   77   89  166    -13.83
   77   90  167    -17.37
   77   91  168    -19.15
   77   92  169    -22.34
   77   93  170    -23.76
   77   94  171    -26.70
   77   95  172    -27.81
   77   96  173    -30.40
   77   97  174    -31.29
   77   98  175    -33.66
   77   99  176    -34.51
   77  100  177    -36.33
   77  101  178    -36.81
   77  102  179    -38.70
   77  103  180    -38.63
   77  104  181    -40.17
   77  105  182    -39.67
   77  106  183    -40.92
   77  107  184    -40.26
   77  108  185    -41.10
   77  109  186    -39.97
   77  110  187    -39.92
   77  111  188    -38.41
   77  112  189    -38.28
   77  113  190    -36.82
   77  114  191    -36.53
   77  115  192    -34.80
   77  116  193    -34.41
   77  117  194    -32.39
   77  118  195    -31.68
   77  119  196    -29.22
   77  120  197    -27.92
   77  121  198    -25.77
   77  122  199    -24.52
   77  123  200    -21.89
   77  124  201    -20.39
   77  125  202    -17.62
   77  126  203    -15.43
   77  127  204    -10.43
   77  128  205     -6.88
   77  129  206     -1.25
   77  130  207      2.80
   77  131  208      8.64
   77  132  209     12.89
   77  133  210     18.71
   77  134  211     22.93
   77  135  212     28.50
   77  136  213     32.80
   77  137  214     38.61
   77  138  215     42.93
   77  139  216     48.61
   77  140  217     52.97
   77  141  218     58.62
   77  142  219     63.16
   77  143  220     68.96
   77  144  221     73.68
   77  145  222     79.57
   77  146  223     84.44
   77  147  224     90.41
   77  148  225     95.43
   77  149  226    101.56
   77  150  227    106.79
   77  151  228    113.18
   77  152  229    118.67
   77  153  230    125.51
   77  154  231    131.31
   77  155  232    138.35
   77  156  233    144.20
   77  157  234    151.35
   77  158  235    157.22
   77  159  236    164.22
   77  160  237    170.13
   77  161  238    177.14
   77  162  239    183.28
   77  163  240    190.97
   77  164  241    197.88
   77  165  242    206.21
   77  166  243    213.16
   77  167  244    221.12
   77  168  245    229.40
   77  169  246    237.59
   77  170  247    245.03
   77  171  248    251.82
   77  172  249    258.80
   77  173  250    267.75
   77  174  251    275.06
   77  175  252    283.15
   77  176  253    290.38
   77  177  254    298.28
   77  178  255    305.96
   77  179  256    315.23
   78   87  165     -0.81
   78   88  166     -5.00
   78   89  167     -6.77
   78   90  168    -10.63
   78   91  169    -12.53
   78   92  170    -16.11
   78   93  171    -17.53
   78   94  172    -20.93
   78   95  173    -22.18
   78   96  174    -25.25
   78   97  175    -26.25
   78   98  176    -29.00
   78   99  177    -29.58
   78  100  178    -32.18
   78  101  179    -32.41
   78  102  180    -34.58
   78  103  181    -34.64
   78  104  182    -36.47
   78  105  183    -36.20
   78  106  184    -37.78
   78  107  185    -37.15
   78  108  186    -38.22
   78  109  187    -37.25
   78  110  188    -37.14
   78  111  189    -35.88
   78  112  190    -36.56
   78  113  191    -35.09
   78  114  192    -35.54
   78  115  193    -33.88
   78  116  194    -34.13
   78  117  195    -32.29
   78  118  196    -32.27
   78  119  197    -30.01
   78  120  198    -29.64
   78  121  199    -27.49
   78  122  200    -26.73
   78  123  201    -24.16
   78  124  202    -23.06
   78  125  203    -20.35
   78  126  204    -18.54
   78  127  205    -13.71
   78  128  206    -10.43
   78  129  207     -4.80
   78  130  208     -1.12
   78  131  209      4.53
   78  132  210      8.44
   78  133  211     14.23
   78  134  212     18.21
   78  135  213     23.85
   78  136  214     27.85
   78  137  215     33.54
   78  138  216     37.53
   78  139  217     43.29
   78  140  218     47.35
   78  141  219     53.06
   78  142  220     57.27
   78  143  221     63.08
   78  144  222     67.39
   78  145  223     73.27
   78  146  224     77.79
   78  147  225     83.82
   78  148  226     88.48
   78  149  227     94.68
   78  150  228     99.56
   78  151  229    105.94
   78  152  230    111.08
   78  153  231    117.93
   78  154  232    123.36
   78  155  233    130.26
   78  156  234    135.90
   78  157  235    142.98
   78  158  236    148.59
   78  159  237    155.59
   78  160  238    161.18
   78  161  239    168.20
   78  162  240    174.01
   78  163  241    181.68
   78  164  242    188.15
   78  165  243    196.49
   78  166  244    203.11
   78  167  245    213.16
   78  168  246    218.80
   78  169  247    227.03
   78  170  248    233.85
   78  171  249    241.76
   78  172  250    248.14
   78  173  251    256.18
   78  174  252    262.89
   78  175  253    271.06
   78  176  254    277.93
   78  177  255    285.36
   78  178  256    292.68
   78  179  257    301.92
   78  180  258    309.21
   78  181  259    317.96
   78  182  260    325.59
   79   88  167      3.73
   79   89  168      1.51
   79   90  169     -2.35
   79   91  170     -4.29
   79   92  171     -7.89
   79   93  172     -9.55
   79   94  173    -12.87
   79   95  174    -14.30
   79   96  175    -17.34
   79   97  176    -18.52
   79   98  177    -21.32
   79   99  178    -22.28
   79  100  179    -24.82
   79  101  180    -25.53
   79  102  181    -27.81
   79  103  182    -28.24
   79  104  183    -30.25
   79  105  184    -30.37
   79  106  185    -32.01
   79  107  186    -31.82
   79  108  187    -33.13
   79  109  188    -32.55
   79  110  189    -33.57
   79  111  190    -32.80
   79  112  191    -33.56
   79  113  192    -32.55
   79  114  193    -33.10
   79  115  194    -31.86
   79  116  195    -32.19
   79  117  196    -30.76
   79  118  197    -30.81
   79  119  198    -29.10
   79  120  199    -28.72
   79  121  200    -27.04
   79  122  201    -26.32
   79  123  202    -24.14
   79  124  203    -23.14
   79  125  204    -20.86
   79  126  205    -19.18
   79  127  206    -14.62
   79  128  207    -11.47
   79  129  208     -6.39
   79  130  209     -2.60
   79  131  210      2.69
   79  132  211      6.55
   79  133  212     11.83
   79  134  213     15.79
   79  135  214     21.24
   79  136  215     25.23
   79  137  216     30.71
   79  138  217     34.71
   79  139  218     40.17
   79  140  219     44.23
   79  141  220     49.60
   79  142  221     53.86
   79  143  222     59.34
   79  144  223     63.62
   79  145  224     69.19
   79  146  225     73.69
   79  147  226     79.40
   79  148  227     84.06
   79  149  228     89.91
   79  150  229     94.77
   79  151  230    100.84
   79  152  231    105.94
   79  153  232    112.47
   79  154  233    117.89
   79  155  234    124.45
   79  156  235    130.04
   79  157  236    136.76
   79  158  237    142.31
   79  159  238    149.22
   79  160  239    154.63
   79  161  240    161.41
   79  162  241    167.18
   79  163  242    174.55
   79  164  243    181.31
   79  165  244    191.25
   79  166  245    197.39
   79  167  246    204.69
   79  168  247    210.56
   79  169  248    218.20
   79  170  249    224.54
   79  171  250    230.82
   79  172  251    237.45
   79  173  252    245.17
   79  174  253    253.03
   79  175  254    260.85
   79  176  255    266.77
   79  177  256    274.74
   79  178  257    281.97
   79  179  258    290.84
   79  180  259    298.14
   79  181  260    306.56
   79  182  261    314.17
   79  183  262    322.81
   79  184  263    330.90
   80   90  170      4.84
   80   91  171      2.89
   80   92  172     -1.16
   80   93  173     -2.88
   80   94  174     -6.64
   80   95  175     -8.11
   80   96  176    -11.61
   80   97  177    -12.79
   80   98  178    -16.01
   80   99  179    -16.99
   80  100  180    -19.94
   80  101  181    -20.68
   80  102  182    -23.41
   80  103  183    -23.86
   80  104  184    -26.33
   80  105  185    -26.52
   80  106  186    -28.58
   80  107  187    -28.48
   80  108  188    -30.27
   80  109  189    -29.81
   80  110  190    -31.33
   80  111  191    -30.64
   80  112  192    -31.89
   80  113  193    -30.94
   80  114  194    -31.94
   80  115  195    -30.80
   80  116  196    -31.66
   80  117  197    -30.17
   80  118  198    -30.75
   80  119  199    -29.12
   80  120  200    -29.30
   80  121  201    -27.45
   80  122  202    -27.28
   80  123  203    -25.19
   80  124  204    -24.66
   80  125  205    -22.52
   80  126  206    -21.20
   80  127  207    -16.78
   80  128  208    -13.99
   80  129  209     -8.95
   80  130  210     -5.58
   80  131  211     -0.32
   80  132  212      3.13
   80  133  213      8.51
   80  134  214     12.02
   80  135  215     17.64
   80  136  216     21.35
   80  137  217     27.01
   80  138  218     30.71
   80  139  219     36.12
   80  140  220     39.80
   80  141  221     45.08
   80  142  222     48.98
   80  143  223     54.46
   80  144  224     58.38
   80  145  225     63.93
   80  146  226     68.09
   80  147  227     73.77
   80  148  228     78.07
   80  149  229     83.92
   80  150  230     88.46
   80  151  231     94.53
   80  152  232     99.29
   80  153  233    105.83
   80  154  234    110.91
   80  155  235    117.58
   80  156  236    122.73
   80  157  237    129.44
   80  158  238    134.67
   80  159  239    141.45
   80  160  240    146.62
   80  161  241    153.48
   80  162  242    158.99
   80  163  243    166.22
   80  164  244    174.31
   80  165  245    181.55
   80  166  246    187.02
   80  167  247    194.06
   80  168  248    199.57
   80  169  249    206.79
   80  170  250    212.82
   80  171  251    220.37
   80  172  252    226.60
   80  173  253    234.34
   80  174  254    240.85
   80  175  255    248.57
   80  176  256    255.16
   80  177  257    263.17
   80  178  258    270.06
   80  179  259    278.76
   80  180  260    285.76
   80  181  261    294.19
   80  182  262    301.45
   80  183  263    310.04
   80  184  264    317.82
   80  185  265    327.93
   80  186  266    336.39
   81   92  173      8.00
   81   93  174      5.92
   81   94  175      2.12
   81   95  176      0.30
   81   96  177     -3.24
   81   97  178     -4.87
   81   98  179     -8.17
   81   99  180     -9.50
   81  100  181    -12.57
   81  101  182    -13.65
   81  102  183    -16.44
   81  103  184    -17.26
   81  104  185    -19.74
   81  105  186    -20.36
   81  106  187    -22.51
   81  107  188    -22.88
   81  108  189    -24.76
   81  109  190    -24.84
   81  110  191    -26.49
   81  111  192    -26.30
   81  112  193    -27.71
   81  113  194    -27.19
   81  114  195    -28.42
   81  115  196    -27.75
   81  116  197    -28.59
   81  117  198    -27.68
   81  118  199    -28.22
   81  119  200    -27.10
   81  120  201    -27.33
   81  121  202    -26.04
   81  122  203    -25.90
   81  123  204    -24.19
   81  124  205    -23.78
   81  125  206    -21.92
   81  126  207    -20.71
   81  127  208    -16.64
   81  128  209    -13.89
   81  129  210     -9.19
   81  130  211     -5.97
   81  131  212     -1.22
   81  132  213      2.25
   81  133  214      7.20
   81  134  215     10.79
   81  135  216     15.99
   81  136  217     19.59
   81  137  218     24.49
   81  138  219     28.27
   81  139  220     33.67
   81  140  221     37.68
   81  141  222     42.63
   81  142  223     46.54
   81  143  224     51.67
   81  144  225     55.60
   81  145  226     60.85
   81  146  227     65.00
   81  147  228     70.30
   81  148  229     74.60
   81  149  230     80.08
   81  150  231     84.59
   81  151  232     90.31
   81  152  233     95.07
   81  153  234    101.26
   81  154  235    106.37
   81  155  236    112.64
   81  156  237    117.82
   81  157  238    124.19
   81  158  239    129.43
   81  159  240    135.79
   81  160  241    142.95
   81  161  242    149.60
   81  162  243    154.92
   81  163  244    161.71
   81  164  245    167.21
   81  165  246    174.17
   81  166  247    179.92
   81  167  248    186.81
   81  168  249    192.57
   81  169  250    199.73
   81  170  251    205.79
   81  171  252    213.09
   81  172  253    219.19
   81  173  254    226.63
   81  174  255    232.99
   81  175  256    240.47
   81  176  257    246.56
   81  177  258    254.41
   81  178  259    261.17
   81  179  260    268.89
   81  180  261    275.88
   81  181  262    283.92
   81  182  263    291.14
   81  183  264    299.52
   81  184  265    307.30
   81  185  266    317.11
   81  186  267    325.54
   81  187  268    335.77
   81  188  269    344.56
   82   93  175     13.72
   82   94  176      9.42
   82   95  177      7.45
   82   96  178      3.43
   82   97  179      1.77
   82   98  180     -2.03
   82   99  181     -3.43
   82  100  182     -6.93
   82  101  183     -8.09
   82  102  184    -11.24
   82  103  185    -12.09
   82  104  186    -14.99
   82  105  187    -15.52
   82  106  188    -18.18
   82  107  189    -18.52
   82  108  190    -20.87
   82  109  191    -20.88
   82  110  192    -23.09
   82  111  193    -22.83
   82  112  194    -24.79
   82  113  195    -24.30
   82  114  196    -25.96
   82  115  197    -25.26
   82  116  198    -26.61
   82  117  199    -25.67
   82  118  200    -26.71
   82  119  201    -25.61
   82  120  202    -26.30
   82  121  203    -24.99
   82  122  204    -25.44
   82  123  205    -23.90
   82  124  206    -23.98
   82  125  207    -22.02
   82  126  208    -21.15
   82  127  209    -17.17
   82  128  210    -14.80
   82  129  211    -10.16
   82  130  212     -7.39
   82  131  213     -2.52
   82  132  214      0.41
   82  133  215      5.32
   82  134  216      8.34
   82  135  217     13.27
   82  136  218     16.48
   82  137  219     21.60
   82  138  220     25.00
   82  139  221     30.97
   82  140  222     34.32
   82  141  223     39.22
   82  142  224     42.66
   82  143  225     47.86
   82  144  226     51.37
   82  145  227     56.54
   82  146  228     60.31
   82  147  229     65.59
   82  148  230     69.54
   82  149  231     75.01
   82  150  232     79.18
   82  151  233     84.85
   82  152  234     89.32
   82  153  235     95.51
   82  154  236    100.26
   82  155  237    106.57
   82  156  238    111.45
   82  157  239    117.79
   82  158  240    122.71
   82  159  241    129.10
   82  160  242    135.49
   82  161  243    142.10
   82  162  244    147.08
   82  163  245    153.85
   82  164  246    158.81
   82  165  247    165.92
   82  166  248    171.32
   82  167  249    178.19
   82  168  250    183.64
   82  169  251    190.79
   82  170  252    196.46
   82  171  253    203.74
   82  172  254    209.64
   82  173  255    217.07
   82  174  256    223.13
   82  175  257    230.65
   82  176  258    236.76
   82  177  259    244.28
   82  178  260    250.57
   82  179  261    258.31
   82  180  262    265.00
   82  181  263    272.99
   82  182  264    279.93
   82  183  265    288.32
   82  184  266    295.78
   82  185  267    305.61
   82  186  268    313.71
   82  187  269    323.86
   82  188  270    332.27
   82  189  271    342.06
   82  190  272    350.38
   82  191  273    360.04
   83   95  178     18.31
   83   96  179     14.27
   83   97  180     12.10
   83   98  181      8.53
   83   99  182      6.41
   83  100  183      3.02
   83  101  184      1.39
   83  102  185     -1.93
   83  103  186     -3.30
   83  104  187     -6.28
   83  105  188     -7.35
   83  106  189    -10.05
   83  107  190    -10.88
   83  108  191    -13.31
   83  109  192    -13.86
   83  110  193    -16.05
   83  111  194    -16.32
   83  112  195    -18.25
   83  113  196    -18.23
   83  114  197    -19.94
   83  115  198    -19.75
   83  116  199    -21.14
   83  117  200    -20.68
   83  118  201    -21.73
   83  119  202    -21.06
   83  120  203    -21.81
   83  121  204    -20.90
   83  122  205    -21.31
   83  123  206    -20.11
   83  124  207    -20.20
   83  125  208    -18.74
   83  126  209    -17.99
   83  127  210    -14.43
   83  128  211    -12.05
   83  129  212     -7.87
   83  130  213     -5.18
   83  131  214     -0.66
   83  132  215      2.14
   83  133  216      6.55
   83  134  217      9.48
   83  135  218     13.94
   83  136  219     17.17
   83  137  220     21.81
   83  138  221     25.08
   83  139  222     29.89
   83  140  223     33.19
   83  141  224     37.74
   83  142  225     41.29
   83  143  226     46.03
   83  144  227     49.54
   83  145  228     54.34
   83  146  229     58.13
   83  147  230     63.04
   83  148  231     66.99
   83  149  232     72.09
   83  150  233     76.27
   83  151  234     81.61
   83  152  235     86.04
   83  153  236     91.89
   83  154  237     96.63
   83  155  238    102.60
   83  156  239    107.45
   83  157  240    113.47
   83  158  241    118.38
   83  159  242    124.44
   83  160  243    130.81
   83  161  244    137.18
   83  162  245    142.12
   83  163  246    148.51
   83  164  247    153.72
   83  165  248    160.18
   83  166  249    165.60
   83  167  250    172.09
   83  168  251    177.56
   83  169  252    184.38
   83  170  253    190.12
   83  171  254    197.04
   83  172  255    202.88
   83  173  256    210.00
   83  174  257    216.07
   83  175  258    223.26
   83  176  259    229.21
   83  177  260    236.65
   83  178  261    243.05
   83  179  262    250.39
   83  180  263    257.04
   83  181  264    264.77
   83  182  265    271.72
   83  183  266    279.79
   83  184  267    287.29
   83  185  268    296.79
   83  186  269    304.87
   83  187  270    314.72
   83  188  271    323.08
   83  189  272    332.57
   83  190  273    340.92
   83  191  274    350.23
   83  192  275    358.71
   83  193  276    370.62
   84   97  181     20.06
   84   98  182     15.55
   84   99  183     13.24
   84  100  184      9.13
   84  101  185      7.20
   84  102  186      3.63
   84  103  187      2.22
   84  104  188     -0.77
   84  105  189     -1.66
   84  106  190     -4.43
   84  107  191     -5.06
   84  108  192     -8.06
   84  109  193     -8.57
   84  110  194    -10.85
   84  111  195    -11.19
   84  112  196    -13.40
   84  113  197    -13.54
   84  114  198    -15.53
   84  115  199    -15.32
   84  116  200    -17.17
   84  117  201    -16.70
   84  118  202    -18.22
   84  119  203    -17.57
   84  120  204    -18.74
   84  121  205    -17.86
   84  122  206    -18.83
   84  123  207    -17.72
   84  124  208    -18.23
   84  125  209    -16.78
   84  126  210    -16.33
   84  127  211    -12.84
   84  128  212    -10.94
   84  129  213     -6.77
   84  130  214     -4.46
   84  131  215     -0.09
   84  132  216      2.29
   84  133  217      6.39
   84  134  218      8.88
   84  135  219     13.47
   84  136  220     16.24
   84  137  221     20.76
   84  138  222     23.61
   84  139  223     27.99
   84  140  224     30.89
   84  141  225     35.35
   84  142  226     38.45
   84  143  227     43.12
   84  144  228     46.24
   84  145  229     51.00
   84  146  230     54.40
   84  147  231     59.22
   84  148  232     62.81
   84  149  233     67.91
   84  150  234     71.72
   84  151  235     77.01
   84  152  236     81.12
   84  153  237     86.95
   84  154  238     91.38
   84  155  239     97.37
   84  156  240    101.92
   84  157  241    107.96
   84  158  242    112.56
   84  159  243    118.61
   84  160  244    123.27
   84  161  245    129.45
   84  162  246    134.37
   84  163  247    142.14
   84  164  248    146.84
   84  165  249    153.41
   84  166  250    158.51
   84  167  251    164.98
   84  168  252    170.12
   84  169  253    176.96
   84  170  254    182.35
   84  171  255    189.27
   84  172  256    194.19
   84  173  257    201.90
   84  174  258    207.65
   84  175  259    214.77
   84  176  260    220.53
   84  177  261    227.92
   84  178  262    234.01
   84  179  263    241.36
   84  180  264    247.62
   84  181  265    255.37
   84  182  266    261.99
   84  183  267    270.07
   84  184  268    277.24
   84  185  269    286.75
   84  186  270    294.49
   84  187  271    304.23
   84  188  272    312.30
   84  189  273    321.64
   84  190  274    329.64
   84  191  275    338.90
   84  192  276    349.46
   84  193  277    358.45
   84  194  278    366.19
   84  195  279    375.51
   85   99  184     22.63
   85  100  185     18.32
   85  101  186     15.97
   85  102  187     12.34
   85  103  188     10.59
   85  104  189      7.44
   85  105  190      6.14
   85  106  191      3.59
   85  107  192      2.28
   85  108  193     -0.47
   85  109  194     -1.43
   85  110  195     -3.78
   85  111  196     -4.30
   85  112  197     -6.37
   85  113  198     -6.69
   85  114  199     -8.64
   85  115  200     -8.90
   85  116  201    -10.62
   85  117  202    -10.66
   85  118  203    -12.09
   85  119  204    -12.06
   85  120  205    -12.96
   85  121  206    -12.77
   85  122  207    -13.58
   85  123  208    -12.77
   85  124  209    -13.28
   85  125  210    -12.27
   85  126  211    -11.87
   85  127  212     -8.75
   85  128  213     -6.99
   85  129  214     -3.23
   85  130  215     -0.96
   85  131  216      2.94
   85  132  217      4.89
   85  133  218      8.46
   85  134  219     10.94
   85  135  220     14.61
   85  136  221     17.20
   85  137  222     21.35
   85  138  223     24.14
   85  139  224     28.09
   85  140  225     30.90
   85  141  226     34.95
   85  142  227     37.98
   85  143  228     42.25
   85  144  229     45.33
   85  145  230     49.71
   85  146  231     53.07
   85  147  232     57.54
   85  148  233     61.14
   85  149  234     65.86
   85  150  235     69.68
   85  151  236     74.60
   85  152  237     78.55
   85  153  238     84.22
   85  154  239     88.61
   85  155  240     94.35
   85  156  241     98.86
   85  157  242    104.56
   85  158  243    109.14
   85  159  244    114.87
   85  160  245    119.52
   85  161  246    125.40
   85  162  247    130.27
   85  163  248    137.69
   85  164  249    142.60
   85  165  250    148.83
   85  166  251    153.87
   85  167  252    160.07
   85  168  253    165.14
   85  169  254    171.59
   85  170  255    177.02
   85  171  256    183.61
   85  172  257    188.29
   85  173  258    195.95
   85  174  259    201.68
   85  175  260    208.53
   85  176  261    214.22
   85  177  262    221.32
   85  178  263    227.40
   85  179  264    234.61
   85  180  265    240.89
   85  181  266    248.31
   85  182  267    254.96
   85  183  268    262.70
   85  184  269    269.90
   85  185  270    279.08
   85  186  271    286.78
   85  187  272    296.28
   85  188  273    304.32
   85  189  274    313.44
   85  190  275    321.30
   85  191  276    332.15
   85  192  277    339.79
   85  193  278    348.48
   85  194  279    356.23
   85  195  280    365.01
   85  196  281    373.06
   85  197  282    382.03
   86  100  186     25.91
   86  101  187     23.49
   86  102  188     19.43
   86  103  189     17.57
   86  104  190     14.04
   86  105  191     12.79
   86  106  192      9.69
   86  107  193      8.70
   86  108  194      5.75
   86  109  195      4.74
   86  110  196      1.93
   86  111  197      1.27
   86  112  198     -1.13
   86  113  199     -1.53
   86  114  200     -3.66
   86  115  201     -3.82
   86  116  202     -6.10
   86  117  203     -6.14
   86  118  204     -8.06
   86  119  205     -7.92
   86  120  206     -9.28
   86  121  207     -8.93
   86  122  208    -10.06
   86  123  209     -9.30
   86  124  210    -10.27
   86  125  211     -9.28
   86  126  212     -9.26
   86  127  213     -6.17
   86  128  214     -4.77
   86  129  215     -1.04
   86  130  216      0.70
   86  131  217      4.14
   86  132  218      5.92
   86  133  219      9.20
   86  134  220     11.07
   86  135  221     14.60
   86  136  222     16.93
   86  137  223     20.93
   86  138  224     23.23
   86  139  225     27.08
   86  140  226     29.47
   86  141  227     33.43
   86  142  228     36.00
   86  143  229     40.16
   86  144  230     42.87
   86  145  231     47.17
   86  146  232     50.15
   86  147  233     54.60
   86  148  234     57.82
   86  149  235     62.56
   86  150  236     66.00
   86  151  237     70.92
   86  152  238     74.51
   86  153  239     80.22
   86  154  240     84.24
   86  155  241     89.91
   86  156  242     94.15
   86  157  243     99.88
   86  158  244    104.15
   86  159  245    109.88
   86  160  246    114.19
   86  161  247    120.04
   86  162  248    124.59
   86  163  249    130.74
   86  164  250    136.77
   86  165  251    143.18
   86  166  252    147.86
   86  167  253    153.93
   86  168  254    158.73
   86  169  255    165.13
   86  170  256    170.23
   86  171  257    176.82
   86  172  258    181.16
   86  173  259    188.87
   86  174  260    194.31
   86  175  261    201.16
   86  176  262    206.37
   86  177  263    213.44
   86  178  264    219.40
   86  179  265    226.59
   86  180  266    232.60
   86  181  267    240.09
   86  182  268    246.45
   86  183  269    254.19
   86  184  270    261.08
   86  185  271    270.26
   86  186  272    277.61
   86  187  273    287.05
   86  188  274    294.65
   86  189  275    303.68
   86  190  276    311.29
   86  191  277    321.35
   86  192  278    328.68
   86  193  279    337.33
   86  194  280    344.75
   86  195  281    353.67
   86  196  282    361.37
   86  197  283    370.38
   86  198  284    377.82
   86  199  285    386.97
   86  200  286    394.85
   87  102  189     28.99
   87  103  190     26.71
   87  104  191     23.09
   87  105  192     21.23
   87  106  193     18.12
   87  107  194     16.90
   87  108  195     13.92
   87  109  196     13.01
   87  110  197     10.15
   87  111  198      9.04
   87  112  199      6.52
   87  113  200      5.77
   87  114  201      3.55
   87  115  202      3.02
   87  116  203      1.00
   87  117  204      0.67
   87  118  205     -1.45
   87  119  206     -1.69
   87  120  207     -3.18
   87  121  208     -2.96
   87  122  209     -4.09
   87  123  210     -3.67
   87  124  211     -4.64
   87  125  212     -4.03
   87  126  213     -4.01
   87  127  214     -1.35
   87  128  215     -0.07
   87  129  216      3.24
   87  130  217      5.00
   87  131  218      7.45
   87  132  219      8.84
   87  133  220     11.72
   87  134  221     13.40
   87  135  222     16.73
   87  136  223     18.80
   87  137  224     22.28
   87  138  225     24.41
   87  139  226     27.92
   87  140  227     30.28
   87  141  228     33.90
   87  142  229     36.37
   87  143  230     40.14
   87  144  231     42.82
   87  145  232     46.74
   87  146  233     49.67
   87  147  234     53.79
   87  148  235     57.01
   87  149  236     61.36
   87  150  237     64.82
   87  151  238     69.35
   87  152  239     72.91
   87  153  240     78.18
   87  154  241     82.36
   87  155  242     87.70
   87  156  243     91.91
   87  157  244     97.35
   87  158  245    101.64
   87  159  246    107.00
   87  160  247    111.31
   87  161  248    116.81
   87  162  249    121.38
   87  163  250    127.18
   87  164  251    133.34
   87  165  252    139.31
   87  166  253    144.00
   87  167  254    149.87
   87  168  255    154.58
   87  169  256    160.69
   87  170  257    165.72
   87  171  258    171.97
   87  172  259    176.41
   87  173  260    183.75
   87  174  261    189.28
   87  175  262    195.75
   87  176  263    200.91
   87  177  264    207.69
   87  178  265    213.77
   87  179  266    220.65
   87  180  267    226.72
   87  181  268    233.82
   87  182  269    240.21
   87  183  270    247.62
   87  184  271    254.51
   87  185  272    263.37
   87  186  273    270.71
   87  187  274    279.88
   87  188  275    287.50
   87  189  276    297.14
   87  190  277    304.34
   87  191  278    312.65
   87  192  279    319.95
   87  193  280    328.30
   87  194  281    335.70
   87  195  282    344.44
   87  196  283    352.00
   87  197  284    361.10
   87  198  285    369.18
   87  199  286    376.95
   87  200  287    384.87
   87  201  288    395.70
   87  202  289    403.74
   88  104  192     30.70
   88  105  193     28.93
   88  106  194     25.37
   88  107  195     24.02
   88  108  196     20.70
   88  109  197     19.44
   88  110  198     16.76
   88  111  199     15.60
   88  112  200     12.76
   88  113  201     11.91
   88  114  202      9.34
   88  115  203      8.77
   88  116  204      6.31
   88  117  205      5.93
   88  118  206      3.47
   88  119  207      3.26
   88  120  208      1.38
   88  121  209      1.59
   88  122  210      0.15
   88  123  211      0.53
   88  124  212     -0.81
   88  125  213     -0.17
   88  126  214     -0.62
   88  127  215      1.93
   88  128  216      2.85
   88  129  217      6.05
   88  130  218      7.36
   88  131  219      9.36
   88  132  220     10.48
   88  133  221     13.13
   88  134  222     14.34
   88  135  223     17.74
   88  136  224     19.38
   88  137  225     22.47
   88  138  226     24.24
   88  139  227     27.68
   88  140  228     29.62
   88  141  229     33.12
   88  142  230     35.15
   88  143  231     38.86
   88  144  232     41.14
   88  145  233     45.02
   88  146  234     47.63
   88  147  235     51.63
   88  148  236     54.46
   88  149  237     58.78
   88  150  238     61.88
   88  151  239     66.51
   88  152  240     69.71
   88  153  241     74.98
   88  154  242     78.85
   88  155  243     84.18
   88  156  244     87.99
   88  157  245     93.41
   88  158  246     97.41
   88  159  247    102.78
   88  160  248    106.79
   88  161  249    112.29
   88  162  250    116.49
   88  163  251    122.34
   88  164  252    126.99
   88  165  253    134.26
   88  166  254    138.77
   88  167  255    144.51
   88  168  256    148.98
   88  169  257    154.98
   88  170  258    159.74
   88  171  259    165.99
   88  172  260    169.94
   88  173  261    177.48
   88  174  262    182.65
   88  175  263    189.16
   88  176  264    193.90
   88  177  265    200.79
   88  178  266    206.46
   88  179  267    213.51
   88  180  268    219.24
   88  181  269    226.41
   88  182  270    232.47
   88  183  271    239.91
   88  184  272    246.49
   88  185  273    255.35
   88  186  274    262.35
   88  187  275    271.45
   88  188  276    278.74
   88  189  277    287.65
   88  190  278    294.55
   88  191  279    302.79
   88  192  280    309.74
   88  193  281    318.10
   88  194  282    325.40
   88  195  283    334.03
   88  196  284    341.32
   88  197  285    350.58
   88  198  286    358.02
   88  199  287    366.85
   88  200  288    373.41
   88  201  289    384.15
   88  202  290    391.86
   88  203  291    398.87
   88  204  292    406.70
   89  106  195     34.82
   89  107  196     32.90
   89  108  197     29.58
   89  109  198     28.05
   89  110  199     25.38
   89  111  200     24.33
   89  112  201     21.42
   89  113  202     20.17
   89  114  203     17.52
   89  115  204     16.52
   89  116  205     14.05
   89  117  206     13.27
   89  118  207     11.01
   89  119  208     10.50
   89  120  209      8.34
   89  121  210      8.24
   89  122  211      6.86
   89  123  212      6.93
   89  124  213      5.60
   89  125  214      5.80
   89  126  215      5.28
   89  127  216      7.48
   89  128  217      8.35
   89  129  218     10.90
   89  130  219     12.24
   89  131  220     13.43
   89  132  221     14.34
   89  133  222     16.53
   89  134  223     17.92
   89  135  224     20.69
   89  136  225     22.05
   89  137  226     24.74
   89  138  227     26.40
   89  139  228     29.40
   89  140  229     31.28
   89  141  230     34.32
   89  142  231     36.30
   89  143  232     39.63
   89  144  233     41.86
   89  145  234     45.41
   89  146  235     48.00
   89  147  236     51.64
   89  148  237     54.46
   89  149  238     58.40
   89  150  239     61.48
   89  151  240     65.58
   89  152  241     68.94
   89  153  242     73.87
   89  154  243     77.59
   89  155  244     82.74
   89  156  245     86.59
   89  157  246     91.69
   89  158  247     95.63
   89  159  248    100.69
   89  160  249    104.69
   89  161  250    109.89
   89  162  251    114.12
   89  163  252    119.61
   89  164  253    124.26
   89  165  254    131.31
   89  166  255    135.91
   89  167  256    141.45
   89  168  257    145.76
   89  169  258    151.54
   89  170  259    156.23
   89  171  260    162.23
   89  172  261    166.06
   89  173  262    173.25
   89  174  263    178.42
   89  175  264    184.59
   89  176  265    189.47
   89  177  266    195.92
   89  178  267    201.59
   89  179  268    208.40
   89  180  269    214.14
   89  181  270    220.99
   89  182  271    227.09
   89  183  272    234.20
   89  184  273    240.79
   89  185  274    249.30
   89  186  275    256.30
   89  187  276    265.08
   89  188  277    272.35
   89  189  278    280.23
   89  190  279    287.06
   89  191  280    295.06
   89  192  281    301.99
   89  193  282    309.98
   89  194  283    317.17
   89  195  284    325.39
   89  196  285    332.81
   89  197  286    341.42
   89  198  287    348.86
   89  199  288    356.74
   89  200  289    364.33
   89  201  290    374.70
   89  202  291    382.37
   89  203  292    389.17
   89  204  293    397.03
   89  205  294    405.88
   89  206  295    413.93
   90  108  198     37.16
   90  109  199     35.54
   90  110  200     32.23
   90  111  201     31.36
   90  112  202     28.40
   90  113  203     27.14
   90  114  204     24.10
   90  115  205     23.07
   90  116  206     20.17
   90  117  207     19.32
   90  118  208     16.58
   90  119  209     16.01
   90  120  210     13.66
   90  121  211     13.50
   90  122  212     11.76
   90  123  213     11.75
   90  124  214     10.12
   90  125  215     10.30
   90  126  216      9.42
   90  127  217     11.52
   90  128  218     11.96
   90  129  219     14.40
   90  130  220     15.10
   90  131  221     16.37
   90  132  222     16.85
   90  133  223     19.01
   90  134  224     20.20
   90  135  225     22.51
   90  136  226     23.78
   90  137  227     26.21
   90  138  228     27.33
   90  139  229     30.07
   90  140  230     31.39
   90  141  231     34.36
   90  142  232     35.94
   90  143  233     39.22
   90  144  234     41.09
   90  145  235     44.62
   90  146  236     46.79
   90  147  237     50.40
   90  148  238     52.85
   90  149  239     56.81
   90  150  240     59.52
   90  151  241     63.59
   90  152  242     66.59
   90  153  243     71.51
   90  154  244     74.87
   90  155  245     80.03
   90  156  246     83.53
   90  157  247     88.54
   90  158  248     92.23
   90  159  249     97.27
   90  160  250    100.93
   90  161  251    106.12
   90  162  252    109.99
   90  163  253    115.55
   90  164  254    119.90
   90  165  255    125.91
   90  166  256    131.18
   90  167  257    136.72
   90  168  258    140.86
   90  169  259    146.44
   90  170  260    150.96
   90  171  261    156.88
   90  172  262    160.60
   90  173  263    167.72
   90  174  264    172.61
   90  175  265    178.78
   90  176  266    183.39
   90  177  267    189.84
   90  178  268    195.16
   90  179  269    202.06
   90  180  270    207.46
   90  181  271    214.33
   90  182  272    220.09
   90  183  273    227.26
   90  184  274    233.53
   90  185  275    242.07
   90  186  276    248.71
   90  187  277    257.41
   90  188  278    264.23
   90  189  279    271.66
   90  190  280    278.18
   90  191  281    286.18
   90  192  282    292.88
   90  193  283    300.84
   90  194  284    307.65
   90  195  285    315.87
   90  196  286    322.96
   90  197  287    331.55
   90  198  288    338.23
   90  199  289    346.65
   90  200  290    355.49
   90  201  291    364.01
   90  202  292    371.40
   90  203  293    378.38
   90  204  294    385.93
   90  205  295    394.77
   90  206  296    402.52
   90  207  297    411.69
   90  208  298    419.97
   90  209  299    428.76
   91  109  200     44.94
   91  110  201     41.61
   91  111  202     40.40
   91  112  203     37.18
   91  113  204     35.65
   91  114  205     32.78
   91  115  206     31.34
   91  116  207     28.68
   91  117  208     27.41
   91  118  209     24.67
   91  119  210     23.73
   91  120  211     21.37
   91  121  212     20.93
   91  122  213     19.17
   91  123  214     18.83
   91  124  215     17.19
   91  125  216     17.01
   91  126  217     16.08
   91  127  218     17.83
   91  128  219     18.21
   91  129  220     20.70
   91  130  221     21.47
   91  131  222     21.25
   91  132  223     21.76
   91  133  224     23.67
   91  134  225     24.38
   91  135  226     26.64
   91  136  227     27.19
   91  137  228     29.25
   91  138  229     30.33
   91  139  230     32.60
   91  140  231     33.90
   91  141  232     36.49
   91  142  233     38.01
   91  143  234     40.86
   91  144  235     42.73
   91  145  236     45.85
   91  146  237     48.06
   91  147  238     51.26
   91  148  239     53.69
   91  149  240     57.31
   91  150  241     59.99
   91  151  242     63.88
   91  152  243     66.62
   91  153  244     71.01
   91  154  245     74.56
   91  155  246     79.44
   91  156  247     82.89
   91  157  248     87.57
   91  158  249     91.20
   91  159  250     95.95
   91  160  251     99.62
   91  161  252    104.48
   91  162  253    108.38
   91  163  254    113.58
   91  164  255    117.95
   91  165  256    123.75
   91  166  257    128.02
   91  167  258    134.18
   91  168  259    138.34
   91  169  260    143.82
   91  170  261    148.19
   91  171  262    153.87
   91  172  263    157.57
   91  173  264    164.41
   91  174  265    169.29
   91  175  266    175.22
   91  176  267    179.75
   91  177  268    185.89
   91  178  269    191.21
   91  179  270    197.80
   91  180  271    203.22
   91  181  272    209.77
   91  182  273    215.56
   91  183  274    222.43
   91  184  275    228.71
   91  185  276    236.92
   91  186  277    243.54
   91  187  278    251.86
   91  188  279    257.73
   91  189  280    265.19
   91  190  281    271.80
   91  191  282    279.43
   91  192  283    286.06
   91  193  284    293.68
   91  194  285    300.50
   91  195  286    308.34
   91  196  287    315.35
   91  197  288    323.38
   91  198  289    330.46
   91  199  290    338.62
   91  200  291    347.19
   91  201  292    355.38
   91  202  293    362.74
   91  203  294    371.18
   91  204  295    377.29
   91  205  296    385.80
   91  206  297    393.71
   91  207  298    402.65
   91  208  299    410.66
   91  209  300    420.19
   91  210  301    426.83
   91  211  302    435.92
   92  111  203     48.07
   92  112  204     44.58
   92  113  205     43.06
   92  114  206     39.87
   92  115  207     38.37
   92  116  208     35.33
   92  117  209     34.26
   92  118  210     31.08
   92  119  211     30.11
   92  120  212     27.35
   92  121  213     26.82
   92  122  214     24.75
   92  123  215     24.39
   92  124  216     22.38
   92  125  217     22.17
   92  126  218     20.87
   92  127  219     22.64
   92  128  220     22.50
   92  129  221     23.98
   92  130  222     24.12
   92  131  223     25.12
   92  132  224     25.22
   92  133  225     27.14
   92  134  226     27.45
   92  135  227     29.08
   92  136  228     29.29
   92  137  229     31.21
   92  138  230     31.85
   92  139  231     34.08
   92  140  232     34.90
   92  141  233     37.40
   92  142  234     38.52
   92  143  235     41.34
   92  144  236     42.84
   92  145  237     45.93
   92  146  238     47.77
   92  147  239     50.95
   92  148  240     53.01
   92  149  241     56.59
   92  150  242     58.90
   92  151  243     62.75
   92  152  244     65.16
   92  153  245     69.48
   92  154  246     72.72
   92  155  247     77.54
   92  156  248     80.63
   92  157  249     85.32
   92  158  250     88.60
   92  159  251     93.31
   92  160  252     96.63
   92  161  253    101.48
   92  162  254    105.04
   92  163  255    110.28
   92  164  256    114.35
   92  165  257    119.79
   92  166  258    124.13
   92  167  259    129.57
   92  168  260    133.89
   92  169  261    139.49
   92  170  262    143.75
   92  171  263    149.42
   92  172  264    152.90
   92  173  265    159.56
   92  174  266    164.14
   92  175  267    170.02
   92  176  268    174.40
   92  177  269    180.55
   92  178  270    185.52
   92  179  271    192.16
   92  180  272    197.27
   92  181  273    203.82
   92  182  274    209.32
   92  183  275    216.17
   92  184  276    222.13
   92  185  277    230.37
   92  186  278    236.67
   92  187  279    244.89
   92  188  280    250.18
   92  189  281    257.60
   92  190  282    263.79
   92  191  283    271.39
   92  192  284    277.80
   92  193  285    285.48
   92  194  286    291.97
   92  195  287    299.80
   92  196  288    306.58
   92  197  289    314.63
   92  198  290    321.38
   92  199  291    329.57
   92  200  292    337.51
   92  201  293    345.73
   92  202  294    352.64
   92  203  295    361.00
   92  204  296    368.28
   92  205  297    377.08
   92  206  298    383.52
   92  207  299    392.31
   92  208  300    400.18
   92  209  301    408.10
   92  210  302    415.60
   92  211  303    424.67
   92  212  304    434.44
   92  213  305    441.78
   93  113  206     52.26
   93  114  207     49.04
   93  115  208     47.41
   93  116  209     44.31
   93  117  210     42.85
   93  118  211     39.93
   93  119  212     38.55
   93  120  213     35.82
   93  121  214     34.88
   93  122  215     32.85
   93  123  216     32.15
   93  124  217     30.21
   93  125  218     29.73
   93  126  219     28.29
   93  127  220     29.70
   93  128  221     29.47
   93  129  222     31.48
   93  130  223     29.80
   93  131  224     31.09
   93  132  225     31.22
   93  133  226     32.45
   93  134  227     32.32
   93  135  228     33.55
   93  136  229     33.69
   93  137  230     35.22
   93  138  231     35.76
   93  139  232     37.54
   93  140  233     38.28
   93  141  234     40.38
   93  142  235     41.42
   93  143  236     43.90
   93  144  237     45.33
   93  145  238     48.08
   93  146  239     49.69
   93  147  240     52.65
   93  148  241     54.68
   93  149  242     57.90
   93  150  243     60.15
   93  151  244     63.67
   93  152  245     66.01
   93  153  246     70.02
   93  154  247     73.19
   93  155  248     77.49
   93  156  249     80.82
   93  157  250     85.16
   93  158  251     88.44
   93  159  252     92.82
   93  160  253     96.15
   93  161  254    100.66
   93  162  255    104.19
   93  163  256    109.11
   93  164  257    113.15
   93  165  258    118.30
   93  166  259    122.71
   93  167  260    127.85
   93  168  261    132.09
   93  169  262    137.42
   93  170  263    141.79
   93  171  264    147.07
   93  172  265    150.66
   93  173  266    156.99
   93  174  267    161.62
   93  175  268    167.19
   93  176  269    171.55
   93  177  270    177.38
   93  178  271    182.37
   93  179  272    188.77
   93  180  273    193.95
   93  181  274    200.22
   93  182  275    205.76
   93  183  276    212.23
   93  184  277    218.20
   93  185  278    226.08
   93  186  279    232.35
   93  187  280    238.88
   93  188  281    244.93
   93  189  282    251.97
   93  190  283    258.12
   93  191  284    265.49
   93  192  285    271.77
   93  193  286    279.16
   93  194  287    285.70
   93  195  288    293.27
   93  196  289    300.10
   93  197  290    308.21
   93  198  291    315.01
   93  199  292    323.52
   93  200  293    330.19
   93  201  294    337.95
   93  202  295    344.94
   93  203  296    352.88
   93  204  297    360.13
   93  205  298    368.35
   93  206  299    375.83
   93  207  300    383.51
   93  208  301    390.80
   93  209  302    399.15
   93  210  303    406.65
   93  211  304    415.45
   93  212  305    425.18
   93  213  306    432.29
   93  214  307    440.34
   93  215  308    449.62
   94  115  209     55.05
   94  116  210     51.65
   94  117  211     50.09
   94  118  212     46.92
   94  119  213     45.63
   94  120  214     42.50
   94  121  215     41.55
   94  122  216     39.12
   94  123  217     38.38
   94  124  218     36.04
   94  125  219     35.46
   94  126  220     33.72
   94  127  221     35.05
   94  128  222     34.45
   94  129  223     35.15
   94  130  224     34.48
   94  131  225     35.58
   94  132  226     35.22
   94  133  227     36.49
   94  134  228     35.90
   94  135  229     37.11
   94  136  230     36.81
   94  137  231     38.31
   94  138  232     38.38
   94  139  233     40.12
   94  140  234     40.45
   94  141  235     42.48
   94  142  236     43.10
   94  143  237     45.51
   94  144  238     46.53
   94  145  239     49.08
   94  146  240     50.44
   94  147  241     53.37
   94  148  242     54.99
   94  149  243     58.11
   94  150  244     59.98
   94  151  245     63.19
   94  152  246     65.39
   94  153  247     69.33
   94  154  248     72.19
   94  155  249     76.46
   94  156  250     79.39
   94  157  251     83.68
   94  158  252     86.59
   94  159  253     90.97
   94  160  254     93.94
   94  161  255     98.44
   94  162  256    101.63
   94  163  257    106.54
   94  164  258    110.27
   94  165  259    115.46
   94  166  260    119.59
   94  167  261    124.75
   94  168  262    128.48
   94  169  263    134.08
   94  170  264    138.13
   94  171  265    143.38
   94  172  266    146.74
   94  173  267    152.98
   94  174  268    157.22
   94  175  269    162.84
   94  176  270    166.83
   94  177  271    172.76
   94  178  272    177.41
   94  179  273    183.80
   94  180  274    188.66
   94  181  275    194.90
   94  182  276    200.10
   94  183  277    206.67
   94  184  278    212.32
   94  185  279    220.13
   94  186  280    226.12
   94  187  281    233.74
   94  188  282    238.44
   94  189  283    245.40
   94  190  284    251.34
   94  191  285    258.46
   94  192  286    264.53
   94  193  287    271.93
   94  194  288    278.28
   94  195  289    286.19
   94  196  290    292.54
   94  197  291    300.27
   94  198  292    307.15
   94  199  293    314.90
   94  200  294    321.43
   94  201  295    329.12
   94  202  296    335.70
   94  203  297    343.78
   94  204  298    350.55
   94  205  299    358.93
   94  206  300    365.57
   94  207  301    373.73
   94  208  302    380.72
   94  209  303    389.07
   94  210  304    396.25
   94  211  305    405.07
   94  212  306    412.70
   94  213  307    421.54
   94  214  308    429.41
   94  215  309    438.44
   94  216  310    446.28
   94  217  311    455.37
   94  218  312    463.11
   95  117  212     59.43
   95  118  213     56.16
   95  119  214     54.83
   95  120  215     51.72
   95  121  216     50.44
   95  122  217     47.94
   95  123  218     46.86
   95  124  219     44.56
   95  125  220     43.72
   95  126  221     41.81
   95  127  222     42.89
   95  128  223     42.08
   95  129  224     43.62
   95  130  225     41.70
   95  131  226     42.45
   95  132  227     41.77
   95  133  228     42.34
   95  134  229     41.67
   95  135  230     42.49
   95  136  231     42.15
   95  137  232     43.26
   95  138  233     43.23
   95  139  234     44.57
   95  140  235     44.79
   95  141  236     46.44
   95  142  237     46.99
   95  143  238     48.99
   95  144  239     49.98
   95  145  240     52.12
   95  146  241     53.40
   95  147  242     55.94
   95  148  243     57.52
   95  149  244     60.27
   95  150  245     62.11
   95  151  246     64.96
   95  152  247     67.14
   95  153  248     70.72
   95  154  249     73.55
   95  155  250     77.50
   95  156  251     80.40
   95  157  252     84.34
   95  158  253     87.23
   95  159  254     91.24
   95  160  255     94.21
   95  161  256     98.40
   95  162  257    101.58
   95  163  258    106.16
   95  164  259    109.88
   95  165  260    114.76
   95  166  261    118.92
   95  167  262    123.71
   95  168  263    127.51
   95  169  264    132.64
   95  170  265    136.95
   95  171  266    141.88
   95  172  267    145.30
   95  173  268    151.10
   95  174  269    155.43
   95  175  270    160.72
   95  176  271    164.74
   95  177  272    170.26
   95  178  273    175.02
   95  179  274    181.15
   95  180  275    186.03
   95  181  276    192.01
   95  182  277    197.22
   95  183  278    203.51
   95  184  279    209.18
   95  185  280    216.47
   95  186  281    222.43
   95  187  282    228.50
   95  188  283    234.18
   95  189  284    240.91
   95  190  285    246.72
   95  191  286    253.58
   95  192  287    260.77
   95  193  288    266.77
   95  194  289    273.27
   95  195  290    280.52
   95  196  291    287.16
   95  197  292    294.50
   95  198  293    300.81
   95  199  294    308.24
   95  200  295    314.75
   95  201  296    322.21
   95  202  297    328.71
   95  203  298    336.52
   95  204  299    343.25
   95  205  300    351.10
   95  206  301    358.07
   95  207  302    365.99
   95  208  303    372.99
   95  209  304    381.04
   95  210  305    388.23
   95  211  306    396.75
   95  212  307    404.39
   95  213  308    412.96
   95  214  309    420.77
   95  215  310    429.41
   95  216  311    437.38
   95  217  312    445.97
   95  218  313    453.73
   95  219  314    462.59
   95  220  315    470.48
   96  119  215     62.34
   96  120  216     59.13
   96  121  217     57.80
   96  122  218     54.87
   96  123  219     53.77
   96  124  220     51.05
   96  125  221     50.10
   96  126  222     47.88
   96  127  223     48.81
   96  128  224     47.42
   96  129  225     49.22
   96  130  226     46.91
   96  131  227     47.76
   96  132  228     46.63
   96  133  229     47.20
   96  134  230     46.13
   96  135  231     46.93
   96  136  232     46.18
   96  137  233     47.25
   96  138  234     46.82
   96  139  235     48.12
   96  140  236     47.92
   96  141  237     49.55
   96  142  238     49.69
   96  143  239     51.63
   96  144  240     52.04
   96  145  241     54.24
   96  146  242     55.12
   96  147  243     57.39
   96  148  244     58.52
   96  149  245     61.21
   96  150  246     62.59
   96  151  247     65.61
   96  152  248     67.32
   96  153  249     70.89
   96  154  250     73.35
   96  155  251     77.24
   96  156  252     79.65
   96  157  253     83.75
   96  158  254     86.25
   96  159  255     90.25
   96  160  256     92.85
   96  161  257     96.99
   96  162  258     99.82
   96  163  259    104.37
   96  164  260    107.78
   96  165  261    112.65
   96  166  262    116.26
   96  167  263    121.41
   96  168  264    124.85
   96  169  265    129.74
   96  170  266    134.02
   96  171  267    138.96
   96  172  268    142.19
   96  173  269    147.82
   96  174  270    151.82
   96  175  271    157.10
   96  176  272    160.93
   96  177  273    166.43
   96  178  274    170.87
   96  179  275    176.93
   96  180  276    181.49
   96  181  277    187.47
   96  182  278    192.36
   96  183  279    198.65
   96  184  280    203.99
   96  185  281    211.33
   96  186  282    216.91
   96  187  283    224.15
   96  188  284    229.88
   96  189  285    236.41
   96  190  286    241.71
   96  191  287    248.53
   96  192  288    254.05
   96  193  289    261.06
   96  194  290    266.77
   96  195  291    273.98
   96  196  292    279.85
   96  197  293    287.15
   96  198  294    293.15
   96  199  295    300.55
   96  200  296    306.72
   96  201  297    314.25
   96  202  298    320.56
   96  203  299    328.13
   96  204  300    334.68
   96  205  301    342.54
   96  206  302    349.22
   96  207  303    357.15
   96  208  304    363.84
   96  209  305    371.88
   96  210  306    378.78
   96  211  307    387.30
   96  212  308    394.61
   96  213  309    403.17
   96  214  310    410.67
   96  215  311    419.30
   96  216  312    426.83
   96  217  313    435.49
   96  218  314    442.94
   96  219  315    451.83
   96  220  316    459.44
   96  221  317    468.46
   96  222  318    476.48
   97  121  218     67.33
   97  122  219     64.39
   97  123  220     62.90
   97  124  221     60.21
   97  125  222     59.00
   97  126  223     56.63
   97  127  224     57.27
   97  128  225     55.55
   97  129  226     57.01
   97  130  227     54.97
   97  131  228     54.92
   97  132  229     53.54
   97  133  230     53.82
   97  134  231     52.70
   97  135  232     53.13
   97  136  233     52.36
   97  137  234     53.04
   97  138  235     52.53
   97  139  236     53.45
   97  140  237     53.19
   97  141  238     54.45
   97  142  239     54.49
   97  143  240     55.89
   97  144  241     56.39
   97  145  242     58.19
   97  146  243     58.80
   97  147  244     60.83
   97  148  245     61.91
   97  149  246     64.21
   97  150  247     65.54
   97  151  248     68.15
   97  152  249     69.82
   97  153  250     73.02
   97  154  251     75.19
   97  155  252     79.00
   97  156  253     81.38
   97  157  254     85.15
   97  158  255     87.64
   97  159  256     91.29
   97  160  257     93.88
   97  161  258     97.68
   97  162  259    100.49
   97  163  260    104.70
   97  164  261    108.08
   97  165  262    112.67
   97  166  263    116.21
   97  167  264    121.17
   97  168  265    124.63
   97  169  266    129.20
   97  170  267    133.41
   97  171  268    138.23
   97  172  269    141.51
   97  173  270    146.74
   97  174  271    150.70
   97  175  272    155.71
   97  176  273    159.60
   97  177  274    164.78
   97  178  275    169.23
   97  179  276    175.04
   97  180  277    179.59
   97  181  278    185.27
   97  182  279    190.20
   97  183  280    196.21
   97  184  281    201.56
   97  185  282    208.40
   97  186  283    213.93
   97  187  284    220.76
   97  188  285    226.05
   97  189  286    232.40
   97  190  287    237.69
   97  191  288    244.19
   97  192  289    249.70
   97  193  290    256.40
   97  194  291    262.09
   97  195  292    268.96
   97  196  293    274.81
   97  197  294    281.74
   97  198  295    287.79
   97  199  296    294.79
   97  200  297    300.89
   97  201  298    308.11
   97  202  299    314.45
   97  203  300    321.69
   97  204  301    328.22
   97  205  302    335.75
   97  206  303    342.67
   97  207  304    350.36
   97  208  305    357.02
   97  209  306    364.75
   97  210  307    371.65
   97  211  308    379.69
   97  212  309    386.97
   97  213  310    395.38
   97  214  311    402.82
   97  215  312    411.21
   97  216  313    418.72
   97  217  314    427.02
   97  218  315    434.47
   97  219  316    443.11
   97  220  317    450.73
   97  221  318    459.46
   97  222  319    467.46
   97  223  320    476.41
   97  224  321    484.61
   98  123  221     70.47
   98  124  222     67.36
   98  125  223     66.11
   98  126  224     63.38
   98  127  225     63.87
   98  128  226     61.92
   98  129  227     63.26
   98  130  228     60.91
   98  131  229     60.87
   98  132  230     59.17
   98  133  231     59.38
   98  134  232     57.92
   98  135  233     58.39
   98  136  234     57.21
   98  137  235     57.85
   98  138  236     56.97
   98  139  237     57.84
   98  140  238     57.20
   98  141  239     58.42
   98  142  240     58.05
   98  143  241     59.39
   98  144  242     59.44
   98  145  243     61.01
   98  146  244     61.37
   98  147  245     63.37
   98  148  246     64.04
   98  149  247     66.26
   98  150  248     67.21
   98  151  249     69.74
   98  152  250     70.89
   98  153  251     74.18
   98  154  252     76.00
   98  155  253     79.76
   98  156  254     81.77
   98  157  255     85.30
   98  158  256     87.59
   98  159  257     91.21
   98  160  258     93.42
   98  161  259     97.19
   98  162  260     99.61
   98  163  261    103.76
   98  164  262    106.84
   98  165  263    111.44
   98  166  264    114.69
   98  167  265    119.66
   98  168  266    122.72
   98  169  267    127.37
   98  170  268    131.25
   98  171  269    136.03
   98  172  270    139.16
   98  173  271    144.20
   98  174  272    147.82
   98  175  273    152.84
   98  176  274    156.51
   98  177  275    161.68
   98  178  276    165.79
   98  179  277    171.53
   98  180  278    175.78
   98  181  279    181.46
   98  182  280    186.07
   98  183  281    192.09
   98  184  282    197.13
   98  185  283    204.00
   98  186  284    209.20
   98  187  285    215.92
   98  188  286    221.02
   98  189  287    227.35
   98  190  288    232.32
   98  191  289    238.81
   98  192  290    244.01
   98  193  291    250.67
   98  194  292    256.04
   98  195  293    262.88
   98  196  294    268.42
   98  197  295    275.40
   98  198  296    281.01
   98  199  297    288.05
   98  200  298    293.80
   98  201  299    300.96
   98  202  300    306.98
   98  203  301    314.31
   98  204  302    320.57
   98  205  303    328.03
   98  206  304    334.51
   98  207  305    342.26
   98  208  306    348.90
   98  209  307    356.53
   98  210  308    363.22
   98  211  309    371.24
   98  212  310    378.23
   98  213  311    386.60
   98  214  312    393.73
   98  215  313    402.07
   98  216  314    409.30
   98  217  315    417.51
   98  218  316    424.93
   98  219  317    433.28
   98  220  318    440.55
   98  221  319    449.26
   98  222  320    457.04
   98  223  321    465.91
   98  224  322    473.83
   98  225  323    482.94
   98  226  324    494.22
   98  227  325    502.69
   99  125  224     75.58
   99  126  225     72.85
   99  127  226     72.93
   99  128  227     70.75
   99  129  228     71.80
   99  130  229     69.02
   99  131  230     68.60
   99  132  231     66.88
   99  133  232     66.72
   99  134  233     65.29
   99  135  234     65.34
   99  136  235     64.13
   99  137  236     64.42
   99  138  237     63.44
   99  139  238     63.96
   99  140  239     63.22
   99  141  240     64.05
   99  142  241     63.58
   99  143  242     64.67
   99  144  243     64.69
   99  145  244     65.82
   99  146  245     66.13
   99  147  246     67.73
   99  148  247     68.34
   99  149  248     70.18
   99  150  249     71.03
   99  151  250     73.01
   99  152  251     74.28
   99  153  252     77.23
   99  154  253     79.00
   99  155  254     82.39
   99  156  255     84.39
   99  157  256     87.54
   99  158  257     89.68
   99  159  258     93.09
   99  160  259     95.28
   99  161  260     98.66
   99  162  261    101.06
   99  163  262    104.91
   99  164  263    107.91
   99  165  264    112.21
   99  166  265    115.42
   99  167  266    120.20
   99  168  267    123.25
   99  169  268    127.59
   99  170  269    131.33
   99  171  270    135.81
   99  172  271    139.39
   99  173  272    143.86
   99  174  273    147.48
   99  175  274    152.15
   99  176  275    156.15
   99  177  276    160.79
   99  178  277    164.89
   99  179  278    170.29
   99  180  279    174.61
   99  181  280    179.98
   99  182  281    184.65
   99  183  282    190.31
   99  184  283    195.33
   99  185  284    201.66
   99  186  285    206.90
   99  187  286    213.50
   99  188  287    218.22
   99  189  288    224.24
   99  190  289    229.20
   99  191  290    235.38
   99  192  291    240.54
   99  193  292    246.88
   99  194  293    252.24
   99  195  294    258.76
   99  196  295    264.27
   99  197  296    270.85
   99  198  297    276.51
   99  199  298    283.17
   99  200  299    288.95
   99  201  300    295.76
   99  202  301    301.76
   99  203  302    308.79
   99  204  303    315.04
   99  205  304    322.34
   99  206  305    328.80
   99  207  306    336.31
   99  208  307    342.88
   99  209  308    350.30
   99  210  309    357.02
   99  211  310    364.70
   99  212  311    371.68
   99  213  312    379.62
   99  214  313    386.59
   99  215  314    394.77
   99  216  315    401.95
   99  217  316    409.89
   99  218  317    417.33
   99  219  318    425.41
   99  220  319    432.67
   99  221  320    441.07
   99  222  321    448.81
   99  223  322    457.44
   99  224  323    465.34
   99  225  324    474.14
   99  226  325    482.19
   99  227  326    493.92
   99  228  327    500.95
   99  229  328    509.65
  100  126  226     80.20
  100  127  227     80.22
  100  128  228     77.89
  100  129  229     78.71
  100  130  230     75.75
  100  131  231     75.28
  100  132  232     73.20
  100  133  233     72.97
  100  134  234     71.18
  100  135  235     71.31
  100  136  236     69.72
  100  137  237     70.01
  100  138  238     68.64
  100  139  239     69.14
  100  140  240     68.10
  100  141  241     68.88
  100  142  242     68.05
  100  143  243     69.08
  100  144  244     68.69
  100  145  245     69.77
  100  146  246     69.69
  100  147  247     71.23
  100  148  248     71.43
  100  149  249     73.22
  100  150  250     73.66
  100  151  251     75.56
  100  152  252     76.43
  100  153  253     79.34
  100  154  254     80.71
  100  155  255     83.79
  100  156  256     85.66
  100  157  257     88.77
  100  158  258     90.51
  100  159  259     93.69
  100  160  260     95.61
  100  161  261     98.98
  100  162  262    101.00
  100  163  263    104.79
  100  164  264    107.45
  100  165  265    111.78
  100  166  266    114.64
  100  167  267    119.42
  100  168  268    122.18
  100  169  269    126.49
  100  170  270    129.89
  100  171  271    134.38
  100  172  272    137.62
  100  173  273    142.04
  100  174  274    145.33
  100  175  275    150.00
  100  176  276    153.69
  100  177  277    158.42
  100  178  278    162.19
  100  179  279    167.52
  100  180  280    171.52
  100  181  281    176.88
  100  182  282    181.29
  100  183  283    186.94
  100  184  284    191.63
  100  185  285    198.01
  100  186  286    203.51
  100  187  287    209.32
  100  188  288    214.13
  100  189  289    220.14
  100  190  290    224.76
  100  191  291    230.91
  100  192  292    235.78
  100  193  293    242.10
  100  194  294    247.14
  100  195  295    253.63
  100  196  296    258.84
  100  197  297    265.38
  100  198  298    270.74
  100  199  299    277.36
  100  200  300    282.74
  100  201  301    289.57
  100  202  302    295.29
  100  203  303    302.23
  100  204  304    308.19
  100  205  305    315.76
  100  206  306    321.72
  100  207  307    329.40
  100  208  308    335.71
  100  209  309    343.13
  100  210  310    349.57
  100  211  311    357.23
  100  212  312    363.86
  100  213  313    371.98
  100  214  314    378.43
  100  215  315    386.57
  100  216  316    393.38
  100  217  317    401.60
  100  218  318    408.41
  100  219  319    416.44
  100  220  320    423.40
  100  221  321    431.78
  100  222  322    439.24
  100  223  323    447.82
  100  224  324    455.43
  100  225  325    464.22
  100  226  326    471.96
  100  227  327    483.60
  100  228  328    490.35
  100  229  329    499.07
  100  230  330    506.73
  100  231  331    515.87
  101  128  229     87.43
  101  129  230     87.92
  101  130  231     84.91
  101  131  232     84.01
  101  132  233     81.87
  101  133  234     81.26
  101  134  235     79.38
  101  135  236     79.16
  101  136  237     77.60
  101  137  238     77.55
  101  138  239     76.26
  101  139  240     76.38
  101  140  241     75.22
  101  141  242     75.62
  101  142  243     74.77
  101  143  244     75.43
  101  144  245     75.00
  101  145  246     75.96
  101  146  247     75.56
  101  147  248     76.71
  101  148  249     76.83
  101  149  250     78.24
  101  150  251     78.58
  101  151  252     80.12
  101  152  253     80.91
  101  153  254     83.40
  101  154  255     84.72
  101  155  256     87.36
  101  156  257     89.20
  101  157  258     91.87
  101  158  259     93.54
  101  159  260     96.34
  101  160  261     98.23
  101  161  262    101.23
  101  162  263    103.21
  101  163  264    106.65
  101  164  265    109.30
  101  165  266    113.30
  101  166  267    116.15
  101  167  268    120.35
  101  168  269    123.51
  101  169  270    127.51
  101  170  271    130.57
  101  171  272    135.12
  101  172  273    138.15
  101  173  274    142.44
  101  174  275    145.71
  101  175  276    150.07
  101  176  277    153.74
  101  177  278    158.26
  101  178  279    162.01
  101  179  280    167.06
  101  180  281    171.05
  101  181  282    176.13
  101  182  283    180.53
  101  183  284    185.86
  101  184  285    190.50
  101  185  286    197.20
  101  186  287    201.38
  101  187  288    207.42
  101  188  289    212.22
  101  189  290    217.92
  101  190  291    222.51
  101  191  292    228.35
  101  192  293    233.19
  101  193  294    239.21
  101  194  295    244.23
  101  195  296    250.41
  101  196  297    255.61
  101  197  298    261.85
  101  198  299    267.12
  101  199  300    273.45
  101  200  301    278.83
  101  201  302    285.33
  101  202  303    291.00
  101  203  304    297.75
  101  204  305    303.72
  101  205  306    310.98
  101  206  307    317.03
  101  207  308    324.22
  101  208  309    330.56
  101  209  310    337.89
  101  210  311    344.31
  101  211  312    351.66
  101  212  313    358.43
  101  213  314    365.89
  101  214  315    372.47
  101  215  316    380.20
  101  216  317    387.00
  101  217  318    394.60
  101  218  319    401.71
  101  219  320    409.42
  101  220  321    416.43
  101  221  322    424.47
  101  222  323    431.85
  101  223  324    440.17
  101  224  325    447.75
  101  225  326    456.29
  101  226  327    464.03
  101  227  328    475.54
  101  228  329    482.30
  101  229  330    490.73
  101  230  331    498.43
  101  231  332    507.28
  101  232  333    515.09
  101  233  334    523.88
  102  130  232     93.03
  102  131  233     91.63
  102  132  234     89.12
  102  133  235     88.47
  102  134  236     86.22
  102  135  237     85.89
  102  136  238     83.98
  102  137  239     84.03
  102  138  240     82.29
  102  139  241     82.43
  102  140  242     80.98
  102  141  243     81.37
  102  142  244     80.13
  102  143  245     80.76
  102  144  246     79.95
  102  145  247     80.86
  102  146  248     80.08
  102  147  249     81.21
  102  148  250     80.93
  102  149  251     82.30
  102  150  252     82.20
  102  151  253     83.84
  102  152  254     84.05
  102  153  255     86.55
  102  154  256     87.42
  102  155  257     90.03
  102  156  258     91.44
  102  157  259     94.05
  102  158  260     95.32
  102  159  261     98.17
  102  160  262     99.52
  102  161  263    102.45
  102  162  264    104.04
  102  163  265    107.45
  102  164  266    109.74
  102  165  267    113.74
  102  166  268    116.21
  102  167  269    120.35
  102  168  270    123.20
  102  169  271    127.18
  102  170  272    129.92
  102  171  273    134.41
  102  172  274    137.14
  102  173  275    141.39
  102  174  276    144.33
  102  175  277    148.66
  102  176  278    152.01
  102  177  279    156.66
  102  178  280    160.09
  102  179  281    165.02
  102  180  282    168.69
  102  181  283    173.81
  102  182  284    177.83
  102  183  285    183.22
  102  184  286    187.62
  102  185  287    193.55
  102  186  288    198.16
  102  187  289    204.22
  102  188  290    210.66
  102  189  291    214.69
  102  190  292    218.98
  102  191  293    224.81
  102  192  294    229.32
  102  193  295    235.32
  102  194  296    240.05
  102  195  297    246.22
  102  196  298    251.08
  102  197  299    257.29
  102  198  300    262.26
  102  199  301    268.56
  102  200  302    273.64
  102  201  303    280.11
  102  202  304    285.50
  102  203  305    292.28
  102  204  306    297.95
  102  205  307    305.18
  102  206  308    311.22
  102  207  309    318.43
  102  208  310    324.49
  102  209  311    331.83
  102  210  312    337.97
  102  211  313    345.36
  102  212  314    351.55
  102  213  315    358.99
  102  214  316    365.25
  102  215  317    372.93
  102  216  318    379.38
  102  217  319    386.99
  102  218  320    393.47
  102  219  321    401.44
  102  220  322    407.85
  102  221  323    416.10
  102  222  324    423.04
  102  223  325    431.38
  102  224  326    438.70
  102  225  327    447.15
  102  226  328    454.59
  102  227  329    465.94
  102  228  330    472.46
  102  229  331    480.94
  102  230  332    488.31
  102  231  333    497.20
  102  232  334    504.80
  102  233  335    513.56
  102  234  336    521.31
  102  235  337    530.11
  102  236  338    537.99
  103  132  235     98.57
  103  133  236     97.54
  103  134  237     95.24
  103  135  238     94.54
  103  136  239     92.55
  103  137  240     92.13
  103  138  241     90.48
  103  139  242     90.33
  103  140  243     88.87
  103  141  244     88.86
  103  142  245     87.62
  103  143  246     87.89
  103  144  247     87.01
  103  145  248     87.55
  103  146  249     86.74
  103  147  250     87.46
  103  148  251     87.09
  103  149  252     88.09
  103  150  253     87.89
  103  151  254     89.15
  103  152  255     89.30
  103  153  256     91.42
  103  154  257     92.20
  103  155  258     94.42
  103  156  259     95.71
  103  157  260     97.96
  103  158  261     99.16
  103  159  262    101.64
  103  160  263    102.91
  103  161  264    105.51
  103  162  265    107.04
  103  163  266    110.05
  103  164  267    112.32
  103  165  268    115.99
  103  166  269    118.50
  103  167  270    122.39
  103  168  271    125.24
  103  169  272    128.86
  103  170  273    131.54
  103  171  274    135.62
  103  172  275    138.38
  103  173  276    142.50
  103  174  277    145.43
  103  175  278    149.45
  103  176  279    152.79
  103  177  280    157.22
  103  178  281    160.62
  103  179  282    165.25
  103  180  283    168.92
  103  181  284    173.73
  103  182  285    177.76
  103  183  286    182.84
  103  184  287    187.13
  103  185  288    192.73
  103  186  289    197.31
  103  187  290    204.67
  103  188  291    209.63
  103  189  292    213.35
  103  190  293    217.60
  103  191  294    223.11
  103  192  295    227.62
  103  193  296    233.33
  103  194  297    238.05
  103  195  298    243.85
  103  196  299    248.69
  103  197  300    254.66
  103  198  301    259.50
  103  199  302    265.55
  103  200  303    270.53
  103  201  304    276.71
  103  202  305    282.00
  103  203  306    288.49
  103  204  307    294.23
  103  205  308    301.14
  103  206  309    307.03
  103  207  310    314.00
  103  208  311    319.99
  103  209  312    327.11
  103  210  313    333.16
  103  211  314    340.36
  103  212  315    346.62
  103  213  316    353.82
  103  214  317    360.04
  103  215  318    367.42
  103  216  319    373.82
  103  217  320    381.12
  103  218  321    387.58
  103  219  322    394.99
  103  220  323    401.68
  103  221  324    409.41
  103  222  325    416.54
  103  223  326    424.53
  103  224  327    431.85
  103  225  328    440.01
  103  226  329    447.45
  103  227  330    458.62
  103  228  331    465.16
  103  229  332    473.35
  103  230  333    480.74
  103  231  334    489.33
  103  232  335    496.95
  103  233  336    505.50
  103  234  337    513.13
  103  235  338    521.70
  103  236  339    529.59
  104  134  238    102.93
  104  135  239    102.09
  104  136  240     99.85
  104  137  241     99.41
  104  138  242     97.47
  104  139  243     97.32
  104  140  244     95.46
  104  141  245     95.45
  104  142  246     93.83
  104  143  247     94.09
  104  144  248     92.81
  104  145  249     93.31
  104  146  250     92.12
  104  147  251     92.81
  104  148  252     92.05
  104  149  253     92.96
  104  150  254     92.39
  104  151  255     93.46
  104  152  256     93.38
  104  153  257     95.37
  104  154  258     95.80
  104  155  259     97.95
  104  156  260     98.81
  104  157  261    100.98
  104  158  262    101.79
  104  159  263    104.07
  104  160  264    105.07
  104  161  265    107.59
  104  162  266    108.68
  104  163  267    111.71
  104  164  268    113.62
  104  165  269    117.26
  104  166  270    119.45
  104  167  271    123.33
  104  168  272    125.86
  104  169  273    129.44
  104  170  274    131.81
  104  171  275    135.98
  104  172  276    138.33
  104  173  277    142.21
  104  174  278    144.78
  104  175  279    148.81
  104  176  280    151.81
  104  177  281    156.35
  104  178  282    159.41
  104  179  283    163.96
  104  180  284    167.40
  104  181  285    172.14
  104  182  286    175.80
  104  183  287    180.88
  104  184  288    184.93
  104  185  289    190.59
  104  186  290    195.49
  104  187  291    202.05
  104  188  292    205.13
  104  189  293    211.01
  104  190  294    214.92
  104  191  295    220.41
  104  192  296    224.61
  104  193  297    230.30
  104  194  298    234.65
  104  195  299    240.49
  104  196  300    245.01
  104  197  301    250.86
  104  198  302    255.49
  104  199  303    261.48
  104  200  304    266.14
  104  201  305    272.34
  104  202  306    277.33
  104  203  307    283.85
  104  204  308    289.29
  104  205  309    296.06
  104  206  310    301.66
  104  207  311    308.62
  104  208  312    314.35
  104  209  313    321.37
  104  210  314    327.18
  104  211  315    334.30
  104  212  316    340.26
  104  213  317    347.39
  104  214  318    353.53
  104  215  319    360.74
  104  216  320    366.96
  104  217  321    374.25
  104  218  322    380.42
  104  219  323    387.81
  104  220  324    394.19
  104  221  325    401.91
  104  222  326    408.72
  104  223  327    416.74
  104  224  328    423.76
  104  225  329    431.92
  104  226  330    438.98
  104  227  331    449.82
  104  228  332    456.05
  104  229  333    464.27
  104  230  334    471.41
  104  231  335    480.01
  104  232  336    487.40
  104  233  337    495.91
  104  234  338    503.40
  104  235  339    511.99
  105  136  241    109.27
  105  137  242    108.41
  105  138  243    106.45
  105  139  244    105.95
  105  140  245    104.08
  105  141  246    103.70
  105  142  247    102.06
  105  143  248    101.91
  105  144  249    100.60
  105  145  250    100.72
  105  146  251     99.50
  105  147  252     99.80
  105  148  253     98.94
  105  149  254     99.54
  105  150  255     98.83
  105  151  256     99.55
  105  152  257     99.40
  105  153  258    100.97
  105  154  259    101.34
  105  155  260    103.07
  105  156  261    103.85
  105  157  262    105.66
  105  158  263    106.41
  105  159  264    108.33
  105  160  265    109.16
  105  161  266    111.42
  105  162  267    112.42
  105  163  268    115.12
  105  164  269    117.04
  105  165  270    120.32
  105  166  271    122.53
  105  167  272    126.05
  105  168  273    128.68
  105  169  274    131.94
  105  170  275    134.26
  105  171  276    137.95
  105  172  277    140.46
  105  173  278    144.03
  105  174  279    146.57
  105  175  280    150.27
  105  176  281    153.26
  105  177  282    157.62
  105  178  283    160.68
  105  179  284    164.88
  105  180  285    168.17
  105  181  286    172.80
  105  182  287    176.46
  105  183  288    181.21
  105  184  289    185.23
  105  185  290    191.28
  105  186  291    195.51
  105  187  292    200.21
  105  188  293    204.69
  105  189  294    210.48
  105  190  295    214.37
  105  191  296    219.55
  105  192  297    223.72
  105  193  298    229.08
  105  194  299    233.43
  105  195  300    238.94
  105  196  301    243.41
  105  197  302    248.97
  105  198  303    253.53
  105  199  304    259.25
  105  200  305    263.91
  105  201  306    269.77
  105  202  307    274.82
  105  203  308    281.07
  105  204  309    286.38
  105  205  310    292.85
  105  206  311    298.47
  105  207  312    305.10
  105  208  313    310.76
  105  209  314    317.45
  105  210  315    323.20
  105  211  316    329.93
  105  212  317    335.91
  105  213  318    342.77
  105  214  319    348.71
  105  215  320    355.71
  105  216  321    361.77
  105  217  322    368.89
  105  218  323    375.30
  105  219  324    382.42
  105  220  325    388.77
  105  221  326    396.20
  105  222  327    402.98
  105  223  328    410.77
  105  224  329    417.67
  105  225  330    425.54
  105  226  331    432.66
  105  227  332    443.15
  105  228  333    449.46
  105  229  334    457.40
  105  230  335    464.56
  105  231  336    472.89
  105  232  337    480.30
  105  233  338    488.52
  105  234  339    496.02
  106  138  244    113.98
  106  139  245    113.66
  106  140  246    111.44
  106  141  247    111.01
  106  142  248    109.02
  106  143  249    108.87
  106  144  250    107.16
  106  145  251    107.26
  106  146  252    105.64
  106  147  253    105.89
  106  148  254    104.66
  106  149  255    105.12
  106  150  256    104.00
  106  151  257    104.79
  106  152  258    104.27
  106  153  259    105.67
  106  154  260    105.73
  106  155  261    107.43
  106  156  262    107.83
  106  157  263    109.57
  106  158  264    109.94
  106  159  265    111.78
  106  160  266    112.24
  106  161  267    114.35
  106  162  268    115.09
  106  163  269    117.74
  106  164  270    119.26
  106  165  271    122.54
  106  166  272    124.43
  106  167  273    127.95
  106  168  274    130.19
  106  169  275    133.43
  106  170  276    135.48
  106  171  277    139.30
  106  172  278    141.24
  106  173  279    144.62
  106  174  280    146.79
  106  175  281    150.42
  106  176  282    153.10
  106  177  283    157.46
  106  178  284    160.10
  106  179  285    164.27
  106  180  286    167.38
  106  181  287    171.80
  106  182  288    175.16
  106  183  289    179.89
  106  184  290    183.68
  106  185  291    189.66
  106  186  292    193.13
  106  187  293    198.59
  106  188  294    202.81
  106  189  295    208.30
  106  190  296    212.56
  106  191  297    217.78
  106  192  298    221.59
  106  193  299    226.94
  106  194  300    230.98
  106  195  301    236.45
  106  196  302    240.59
  106  197  303    246.15
  106  198  304    250.39
  106  199  305    256.05
  106  200  306    260.40
  106  201  307    266.30
  106  202  308    270.96
  106  203  309    277.22
  106  204  310    282.21
  106  205  311    288.70
  106  206  312    293.96
  106  207  313    300.55
  106  208  314    305.91
  106  209  315    312.52
  106  210  316    317.94
  106  211  317    324.67
  106  212  318    330.17
  106  213  319    337.08
  106  214  320    342.90
  106  215  321    350.05
  106  216  322    355.94
  106  217  323    363.31
  106  218  324    368.97
  106  219  325    376.01
  106  220  326    382.21
  106  221  327    389.64
  106  222  328    396.26
  106  223  329    403.86
  106  224  330    410.53
  106  225  331    418.39
  106  226  332    427.96
  106  227  333    435.12
  106  228  334    441.05
  106  229  335    449.06
  106  230  336    455.95
  106  231  337    464.21
  106  232  338    471.51
  106  233  339    479.82
  107  140  247    120.61
  107  141  248    120.06
  107  142  249    118.01
  107  143  250    117.50
  107  144  251    115.61
  107  145  252    115.32
  107  146  253    113.79
  107  147  254    113.69
  107  148  255    112.34
  107  149  256    112.51
  107  150  257    111.38
  107  151  258    111.77
  107  152  259    111.13
  107  153  260    112.24
  107  154  261    112.15
  107  155  262    113.45
  107  156  263    113.68
  107  157  264    115.14
  107  158  265    115.43
  107  159  266    116.90
  107  160  267    117.30
  107  161  268    119.04
  107  162  269    119.71
  107  163  270    122.03
  107  164  271    123.50
  107  165  272    126.43
  107  166  273    128.30
  107  167  274    131.45
  107  168  275    133.76
  107  169  276    136.68
  107  170  277    138.63
  107  171  278    142.20
  107  172  279    144.12
  107  173  280    147.17
  107  174  281    149.34
  107  175  282    152.63
  107  176  283    155.31
  107  177  284    159.15
  107  178  285    162.04
  107  179  286    165.85
  107  180  287    168.97
  107  181  288    173.06
  107  182  289    176.39
  107  183  290    180.82
  107  184  291    184.59
  107  185  292    189.79
  107  186  293    193.76
  107  187  294    198.93
  107  188  295    203.15
  107  189  296    208.35
  107  190  297    212.92
  107  191  298    217.76
  107  192  299    221.58
  107  193  300    226.61
  107  194  301    230.66
  107  195  302    235.80
  107  196  303    239.94
  107  197  304    245.18
  107  198  305    249.38
  107  199  306    254.75
  107  200  307    259.11
  107  201  308    264.67
  107  202  309    269.34
  107  203  310    275.31
  107  204  311    280.29
  107  205  312    286.45
  107  206  313    291.70
  107  207  314    297.95
  107  208  315    303.27
  107  209  316    309.56
  107  210  317    314.95
  107  211  318    321.30
  107  212  319    326.84
  107  213  320    333.45
  107  214  321    339.30
  107  215  322    346.24
  107  216  323    352.13
  107  217  324    359.21
  107  218  325    365.16
  107  219  326    371.71
  107  220  327    377.88
  107  221  328    384.99
  107  222  329    391.53
  107  223  330    398.87
  107  224  331    405.46
  107  225  332    412.99
  107  226  333    422.26
  107  227  334    429.14
  107  228  335    435.05
  107  229  336    442.80
  107  230  337    449.71
  107  231  338    457.71
  107  232  339    465.09
  108  142  250    125.82
  108  143  251    125.31
  108  144  252    123.16
  108  145  253    122.85
  108  146  254    120.83
  108  147  255    120.71
  108  148  256    119.03
  108  149  257    119.17
  108  150  258    117.67
  108  151  259    118.05
  108  152  260    117.07
  108  153  261    118.05
  108  154  262    117.57
  108  155  263    118.80
  108  156  264    118.73
  108  157  265    120.02
  108  158  266    119.94
  108  159  267    121.34
  108  160  268    121.36
  108  161  269    123.05
  108  162  270    123.36
  108  163  271    125.60
  108  164  272    126.72
  108  165  273    129.59
  108  166  274    131.15
  108  167  275    134.36
  108  168  276    136.18
  108  169  277    139.12
  108  170  278    141.14
  108  171  279    143.95
  108  172  280    145.47
  108  173  281    148.47
  108  174  282    150.34
  108  175  283    153.61
  108  176  284    155.90
  108  177  285    159.68
  108  178  286    162.27
  108  179  287    165.99
  108  180  288    168.74
  108  181  289    172.79
  108  182  290    175.89
  108  183  291    180.32
  108  184  292    183.79
  108  185  293    189.20
  108  186  294    192.91
  108  187  295    198.18
  108  188  296    202.13
  108  189  297    207.41
  108  190  298    212.97
  108  191  299    216.76
  108  192  300    220.32
  108  193  301    225.36
  108  194  302    229.04
  108  195  303    234.18
  108  196  304    238.01
  108  197  305    243.25
  108  198  306    247.17
  108  199  307    252.53
  108  200  308    256.61
  108  201  309    262.17
  108  202  310    266.55
  108  203  311    272.51
  108  204  312    277.20
  108  205  313    283.35
  108  206  314    288.30
  108  207  315    294.54
  108  208  316    299.56
  108  209  317    305.83
  108  210  318    310.90
  108  211  319    317.26
  108  212  320    322.51
  108  213  321    329.09
  108  214  322    334.68
  108  215  323    341.61
  108  216  324    347.46
  108  217  325    354.32
  108  218  326    360.05
  108  219  327    366.55
  108  220  328    375.46
  108  221  329    382.71
  108  222  330    388.52
  108  223  331    395.62
  108  224  332    399.43
  108  225  333    409.43
  108  226  334    414.97
  108  227  335    421.83
  108  228  336    427.46
  108  229  337    435.21
  108  230  338    441.88
  108  231  339    449.89
  109  144  253    132.66
  109  145  254    131.99
  109  146  255    130.05
  109  147  256    129.61
  109  148  257    127.75
  109  149  258    127.55
  109  150  259    126.01
  109  151  260    126.04
  109  152  261    125.02
  109  153  262    125.82
  109  154  263    125.23
  109  155  264    126.03
  109  156  265    125.72
  109  157  266    126.65
  109  158  267    126.59
  109  159  268    127.60
  109  160  269    127.48
  109  161  270    128.85
  109  162  271    129.03
  109  163  272    130.89
  109  164  273    131.96
  109  165  274    134.51
  109  166  275    135.99
  109  167  276    138.78
  109  168  277    140.57
  109  169  278    143.25
  109  170  279    145.12
  109  171  280    147.55
  109  172  281    149.14
  109  173  282    151.85
  109  174  283    153.63
  109  175  284    156.60
  109  176  285    158.94
  109  177  286    162.42
  109  178  287    164.85
  109  179  288    168.18
  109  180  289    170.95
  109  181  290    174.68
  109  182  291    177.76
  109  183  292    181.88
  109  184  293    185.34
  109  185  294    190.49
  109  186  295    194.19
  109  187  296    199.24
  109  188  297    203.21
  109  189  298    209.47
  109  190  299    212.27
  109  191  300    217.33
  109  192  301    221.10
  109  193  302    225.84
  109  194  303    229.52
  109  195  304    234.36
  109  196  305    238.20
  109  197  306    243.17
  109  198  307    247.08
  109  199  308    252.15
  109  200  309    256.28
  109  201  310    261.45
  109  202  311    265.95
  109  203  312    271.61
  109  204  313    276.30
  109  205  314    282.13
  109  206  315    287.05
  109  207  316    292.97
  109  208  317    297.97
  109  209  318    303.91
  109  210  319    308.97
  109  211  320    315.03
  109  212  321    320.27
  109  213  322    326.59
  109  214  323    332.19
  109  215  324    338.82
  109  216  325    344.47
  109  217  326    351.04
  109  218  327    356.80
  109  219  328    365.92
  109  220  329    371.83
  109  221  330    378.82
  109  222  331    384.62
  109  223  332    391.48
  109  224  333    397.42
  109  225  334    404.44
  109  226  335    409.92
  109  227  336    416.50
  109  228  337    422.11
  109  229  338    429.60
  109  230  339    436.29
  110  146  256    137.92
  110  147  257    137.46
  110  148  258    135.36
  110  149  259    135.08
  110  150  260    133.30
  110  151  261    133.34
  110  152  262    131.99
  110  153  263    132.57
  110  154  264    131.59
  110  155  265    132.37
  110  156  266    131.78
  110  157  267    132.64
  110  158  268    132.10
  110  159  269    133.08
  110  160  270    132.68
  110  161  271    133.94
  110  162  272    133.82
  110  163  273    135.57
  110  164  274    136.29
  110  165  275    138.76
  110  166  276    139.87
  110  167  277    142.71
  110  168  278    143.98
  110  169  279    146.47
  110  170  280    147.65
  110  171  281    150.09
  110  172  282    151.32
  110  173  283    153.99
  110  174  284    155.46
  110  175  285    158.40
  110  176  286    160.37
  110  177  287    163.87
  110  178  288    165.68
  110  179  289    169.05
  110  180  290    171.49
  110  181  291    175.21
  110  182  292    177.99
  110  183  293    182.11
  110  184  294    185.26
  110  185  295    190.54
  110  186  296    193.85
  110  187  297    199.17
  110  188  298    203.07
  110  189  299    208.04
  110  190  300    212.49
  110  191  301    216.97
  110  192  302    220.78
  110  193  303    225.28
  110  194  304    228.73
  110  195  305    233.58
  110  196  306    237.13
  110  197  307    242.07
  110  198  308    245.72
  110  199  309    250.75
  110  200  310    254.55
  110  201  311    259.81
  110  202  312    264.00
  110  203  313    269.65
  110  204  314    274.05
  110  205  315    279.89
  110  206  316    284.52
  110  207  317    290.46
  110  208  318    295.14
  110  209  319    301.11
  110  210  320    305.89
  110  211  321    311.95
  110  212  322    316.93
  110  213  323    323.24
  110  214  324    328.55
  110  215  325    335.18
  110  216  326    340.47
  110  217  327    347.14
  110  218  328    354.30
  110  219  329    361.18
  110  220  330    366.73
  110  221  331    373.40
  110  222  332    378.91
  110  223  333    385.79
  110  224  334    391.61
  110  225  335    398.29
  110  226  336    403.39
  110  227  337    409.96
  110  228  338    415.28
  110  229  339    422.79
  111  148  259    144.95
  111  149  260    144.39
  111  150  261    142.55
  111  151  262    142.23
  111  152  263    140.87
  111  153  264    141.11
  111  154  265    140.11
  111  155  266    140.51
  111  156  267    139.80
  111  157  268    140.34
  111  158  269    139.77
  111  159  270    140.42
  111  160  271    140.02
  111  161  272    140.93
  111  162  273    140.79
  111  163  274    142.14
  111  164  275    142.77
  111  165  276    144.84
  111  166  277    145.89
  111  167  278    148.32
  111  168  279    149.34
  111  169  280    151.34
  111  170  281    152.36
  111  171  282    154.46
  111  172  283    155.64
  111  173  284    158.00
  111  174  285    159.44
  111  175  286    162.05
  111  176  287    163.94
  111  177  288    167.06
  111  178  289    168.78
  111  179  290    171.87
  111  180  291    174.30
  111  181  292    177.73
  111  182  293    180.49
  111  183  294    184.34
  111  184  295    187.46
  111  185  296    192.39
  111  186  297    195.71
  111  187  298    201.00
  111  188  299    204.52
  111  189  300    209.95
  111  190  301    213.30
  111  191  302    218.24
  111  192  303    222.08
  111  193  304    227.07
  111  194  305    229.97
  111  195  306    234.55
  111  196  307    238.09
  111  197  308    242.72
  111  198  309    246.37
  111  199  310    251.16
  111  200  311    254.95
  111  201  312    259.95
  111  202  313    264.15
  111  203  314    269.52
  111  204  315    273.91
  111  205  316    279.46
  111  206  317    284.12
  111  207  318    289.77
  111  208  319    294.50
  111  209  320    300.23
  111  210  321    305.01
  111  211  322    310.83
  111  212  323    315.77
  111  213  324    321.85
  111  214  325    327.30
  111  215  326    333.51
  111  216  327    338.76
  111  217  328    345.42
  111  218  329    351.19
  111  219  330    357.80
  111  220  331    363.33
  111  221  332    369.90
  111  222  333    375.39
  111  223  334    382.11
  111  224  335    387.61
  111  225  336    394.09
  111  226  337    399.02
  111  227  338    405.30
  111  228  339    410.60
  112  150  262    150.53
  112  151  263    150.23
  112  152  264    148.55
  112  153  265    148.72
  112  154  266    147.39
  112  155  267    147.76
  112  156  268    146.70
  112  157  269    147.22
  112  158  270    146.30
  112  159  271    146.90
  112  160  272    146.13
  112  161  273    147.01
  112  162  274    146.50
  112  163  275    147.86
  112  164  276    148.09
  112  165  277    150.08
  112  166  278    151.01
  112  167  279    153.00
  112  168  280    153.42
  112  169  281    155.27
  112  170  282    155.82
  112  171  283    157.91
  112  172  284    158.77
  112  173  285    161.11
  112  174  286    162.23
  112  175  287    164.82
  112  176  288    166.23
  112  177  289    169.03
  112  178  290    170.44
  112  179  291    173.53
  112  180  292    175.61
  112  181  293    178.99
  112  182  294    181.44
  112  183  295    185.29
  112  184  296    188.11
  112  185  297    192.96
  112  186  298    196.03
  112  187  299    201.26
  112  188  300    204.60
  112  189  301    209.84
  112  190  302    213.37
  112  191  303    218.49
  112  192  304    222.07
  112  193  305    227.19
  112  194  306    231.38
  112  195  307    234.53
  112  196  308    237.73
  112  197  309    242.40
  112  198  310    245.79
  112  199  311    250.52
  112  200  312    254.02
  112  201  313    258.98
  112  202  314    262.83
  112  203  315    268.23
  112  204  316    272.50
  112  205  317    278.05
  112  206  318    282.41
  112  207  319    288.05
  112  208  320    292.49
  112  209  321    298.19
  112  210  322    302.71
  112  211  323    308.45
  112  212  324    313.74
  112  213  325    319.70
  112  214  326    324.39
  112  215  327    330.53
  112  216  328    335.52
  112  217  329    341.87
  112  218  330    347.10
  112  219  331    353.80
  112  220  332    358.97
  112  221  333    365.51
  112  222  334    370.70
  112  223  335    377.34
  112  224  336    382.32
  112  225  337    388.68
  112  226  338    393.27
  112  227  339    399.54
  113  153  266    158.26
  113  154  267    156.83
  113  155  268    156.80
  113  156  269    155.67
  113  157  270    155.83
  113  158  271    154.84
  113  159  272    155.11
  113  160  273    154.30
  113  161  274    154.82
  113  162  275    154.34
  113  163  276    155.25
  113  164  277    155.37
  113  165  278    157.12
  113  166  279    157.82
  113  167  280    158.73
  113  168  281    159.01
  113  169  282    160.52
  113  170  283    161.12
  113  171  284    162.91
  113  172  285    163.76
  113  173  286    165.79
  113  174  287    166.89
  113  175  288    169.18
  113  176  289    170.32
  113  177  290    172.92
  113  178  291    174.27
  113  179  292    177.07
  113  180  293    179.20
  113  181  294    182.33
  113  182  295    184.81
  113  183  296    188.35
  113  184  297    191.16
  113  185  298    195.88
  113  186  299    198.75
  113  187  300    203.72
  113  188  301    206.99
  113  189  302    211.92
  113  190  303    215.44
  113  191  304    220.33
  113  192  305    223.92
  113  193  306    229.20
  113  194  307    232.45
  113  195  308    236.01
  113  196  309    239.48
  113  197  310    243.87
  113  198  311    247.22
  113  199  312    251.68
  113  200  313    255.20
  113  201  314    259.91
  113  202  315    263.66
  113  203  316    268.85
  113  204  317    273.01
  113  205  318    278.44
  113  206  319    282.81
  113  207  320    288.17
  113  208  321    292.61
  113  209  322    298.06
  113  210  323    302.59
  113  211  324    308.02
  113  212  325    313.26
  113  213  326    318.96
  113  214  327    323.52
  113  215  328    329.29
  113  216  329    334.18
  113  217  330    340.34
  113  218  331    345.44
  113  219  332    351.69
  113  220  333    356.82
  113  221  334    362.93
  113  222  335    368.06
  113  223  336    374.19
  113  224  337    379.17
  113  225  338    385.19
  113  226  339    389.80
  114  155  269    164.74
  114  156  270    163.23
  114  157  271    163.38
  114  158  272    162.06
  114  159  273    162.34
  114  160  274    161.21
  114  161  275    161.78
  114  162  276    160.89
  114  163  277    161.76
  114  164  278    161.57
  114  165  279    162.33
  114  166  280    162.12
  114  167  281    163.44
  114  168  282    163.44
  114  169  283    165.00
  114  170  284    165.28
  114  171  285    167.04
  114  172  286    167.64
  114  173  287    169.64
  114  174  288    170.36
  114  175  289    172.40
  114  176  290    173.15
  114  177  291    175.69
  114  178  292    176.91
  114  179  293    179.70
  114  180  294    181.48
  114  181  295    184.59
  114  182  296    186.72
  114  183  297    190.28
  114  184  298    192.78
  114  185  299    197.50
  114  186  300    200.05
  114  187  301    205.02
  114  188  302    207.96
  114  189  303    213.00
  114  190  304    216.10
  114  191  305    221.21
  114  192  306    224.40
  114  193  307    229.58
  114  194  308    232.84
  114  195  309    238.09
  114  196  310    241.42
  114  197  311    244.12
  114  198  312    247.23
  114  199  313    251.75
  114  200  314    254.94
  114  201  315    259.65
  114  202  316    263.15
  114  203  317    268.25
  114  204  318    272.23
  114  205  319    277.55
  114  206  320    281.80
  114  207  321    287.18
  114  208  322    291.37
  114  209  323    296.83
  114  210  324    301.08
  114  211  325    306.47
  114  212  326    311.26
  114  213  327    316.94
  114  214  328    321.21
  114  215  329    326.98
  114  216  330    331.71
  114  217  331    337.79
  114  218  332    342.54
  114  219  333    348.76
  114  220  334    353.48
  114  221  335    359.62
  114  222  336    364.23
  114  223  337    370.21
  114  224  338    374.66
  114  225  339    380.64
  115  157  272    172.65
  115  158  273    171.29
  115  159  274    171.28
  115  160  275    170.11
  115  161  276    170.29
  115  162  277    169.37
  115  163  278    169.91
  115  164  279    169.04
  115  165  280    169.68
  115  166  281    169.37
  115  167  282    170.34
  115  168  283    170.32
  115  169  284    171.49
  115  170  285    171.75
  115  171  286    173.19
  115  172  287    173.79
  115  173  288    175.46
  115  174  289    176.21
  115  175  290    178.13
  115  176  291    178.97
  115  177  292    181.14
  115  178  293    182.22
  115  179  294    184.58
  115  180  295    186.34
  115  181  296    189.18
  115  182  297    191.36
  115  183  298    194.61
  115  184  299    197.10
  115  185  300    201.50
  115  186  301    204.03
  115  187  302    208.67
  115  188  303    211.60
  115  189  304    216.31
  115  190  305    219.40
  115  191  306    224.19
  115  192  307    227.37
  115  193  308    232.12
  115  194  309    235.43
  115  195  310    238.65
  115  196  311    241.95
  115  197  312    246.13
  115  198  313    249.27
  115  199  314    253.55
  115  200  315    256.79
  115  201  316    261.19
  115  202  317    264.69
  115  203  318    269.52
  115  204  319    273.47
  115  205  320    278.54
  115  206  321    282.79
  115  207  322    287.91
  115  208  323    292.28
  115  209  324    297.33
  115  210  325    301.61
  115  211  326    306.92
  115  212  327    311.19
  115  213  328    316.70
  115  214  329    321.03
  115  215  330    326.64
  115  216  331    331.11
  115  217  332    336.88
  115  218  333    341.62
  115  219  334    347.42
  115  220  335    352.11
  115  221  336    357.95
  115  222  337    362.53
  115  223  338    368.15
  115  224  339    372.79
  116  159  275    179.26
  116  160  276    177.77
  116  161  277    177.93
  116  162  278    176.67
  116  163  279    177.20
  116  164  280    175.74
  116  165  281    176.35
  116  166  282    175.65
  116  167  283    176.56
  116  168  284    176.15
  116  169  285    177.32
  116  170  286    177.28
  116  171  287    178.72
  116  172  288    179.02
  116  173  289    180.73
  116  174  290    181.18
  116  175  291    183.18
  116  176  292    183.61
  116  177  293    185.76
  116  178  294    186.55
  116  179  295    188.96
  116  180  296    190.44
  116  181  297    193.29
  116  182  298    195.13
  116  183  299    198.37
  116  184  300    200.55
  116  185  301    204.72
  116  186  302    207.15
  116  187  303    211.76
  116  188  304    214.39
  116  189  305    219.06
  116  190  306    221.84
  116  191  307    226.54
  116  192  308    229.54
  116  193  309    234.11
  116  194  310    237.23
  116  195  311    240.27
  116  196  312    243.07
  116  197  313    247.46
  116  198  314    249.95
  116  199  315    254.19
  116  200  316    257.19
  116  201  317    261.61
  116  202  318    264.80
  116  203  319    269.62
  116  204  320    273.28
  116  205  321    278.42
  116  206  322    282.30
  116  207  323    287.54
  116  208  324    291.48
  116  209  325    296.56
  116  210  326    300.58
  116  211  327    305.84
  116  212  328    310.10
  116  213  329    315.50
  116  214  330    319.61
  116  215  331    325.14
  116  216  332    329.51
  116  217  333    335.30
  116  218  334    339.56
  116  219  335    345.30
  116  220  336    349.71
  116  221  337    355.51
  116  222  338    359.95
  116  223  339    365.40
  117  161  278    187.18
  117  162  279    185.55
  117  163  280    186.17
  117  164  281    184.42
  117  165  282    184.65
  117  166  283    183.96
  117  167  284    184.51
  117  168  285    184.08
  117  169  286    184.94
  117  170  287    184.83
  117  171  288    185.93
  117  172  289    186.15
  117  173  290    187.51
  117  174  291    187.94
  117  175  292    189.59
  117  176  293    190.31
  117  177  294    192.23
  117  178  295    192.98
  117  179  296    194.93
  117  180  297    196.39
  117  181  298    198.94
  117  182  299    200.79
  117  183  300    203.74
  117  184  301    205.91
  117  185  302    209.77
  117  186  303    212.17
  117  187  304    216.45
  117  188  305    219.08
  117  189  306    223.47
  117  190  307    226.21
  117  191  308    230.52
  117  192  309    231.88
  117  193  310    237.98
  117  194  311    240.88
  117  195  312    243.45
  117  196  313    246.51
  117  197  314    250.86
  117  198  315    252.64
  117  199  316    256.67
  117  200  317    259.64
  117  201  318    263.83
  117  202  319    266.95
  117  203  320    271.55
  117  204  321    275.22
  117  205  322    280.07
  117  206  323    283.96
  117  207  324    288.92
  117  208  325    292.89
  117  209  326    297.74
  117  210  327    301.80
  117  211  328    306.80
  117  212  329    310.94
  117  213  330    316.09
  117  214  331    320.23
  117  215  332    325.46
  117  216  333    329.77
  117  217  334    335.09
  117  218  335    339.35
  117  219  336    344.80
  117  220  337    349.21
  117  221  338    354.69
  117  222  339    359.12
  118  163  281    194.15
  118  164  282    192.01
  118  165  283    192.33
  118  166  284    191.26
  118  167  285    191.84
  118  168  286    191.12
  118  169  287    191.86
  118  170  288    191.45
  118  171  289    192.50
  118  172  290    192.51
  118  173  291    193.70
  118  174  292    193.81
  118  175  293    195.43
  118  176  294    195.88
  118  177  295    197.79
  118  178  296    198.32
  118  179  297    200.29
  118  180  298    201.48
  118  181  299    204.02
  118  182  300    205.58
  118  183  301    208.54
  118  184  302    210.40
  118  185  303    214.43
  118  186  304    216.31
  118  187  305    220.59
  118  188  306    222.88
  118  189  307    227.14
  118  190  308    229.66
  118  191  309    233.86
  118  192  310    236.66
  118  193  311    240.60
  118  194  312    243.15
  118  195  313    241.27
  118  196  314    243.77
  118  197  315    247.65
  118  198  316    253.91
  118  199  317    258.05
  118  200  318    260.74
  118  201  319    264.90
  118  202  320    267.87
  118  203  321    272.33
  118  204  322    275.71
  118  205  323    280.56
  118  206  324    284.18
  118  207  325    289.12
  118  208  326    292.81
  118  209  327    297.79
  118  210  328    301.59
  118  211  329    305.24
  118  212  330    309.00
  118  213  331    314.23
  118  214  332    319.58
  118  215  333    324.84
  118  216  334    328.92
  118  217  335    334.20
  118  218  336    338.17
  118  219  337    343.60
  118  220  338    347.69
  118  221  339    353.15
  119  165  284    201.62
  119  166  285    200.64
  119  167  286    200.81
  119  168  287    199.83
  119  169  288    200.32
  119  170  289    200.05
  119  171  290    200.73
  119  172  291    200.46
  119  173  292    201.52
  119  174  293    201.46
  119  175  294    202.74
  119  176  295    203.25
  119  177  296    205.09
  119  178  297    205.48
  119  179  298    207.16
  119  180  299    208.20
  119  181  300    210.50
  119  182  301    212.08
  119  183  302    214.74
  119  184  303    216.59
  119  185  304    220.31
  119  186  305    222.18
  119  187  306    226.16
  119  188  307    228.41
  119  189  308    232.31
  119  190  309    234.82
  119  191  310    238.65
  119  192  311    241.12
  119  193  312    245.06
  119  194  313    247.56
  119  195  314    245.07
  119  196  315    247.43
  119  197  316    251.02
  119  198  317    257.08
  119  199  318    261.12
  119  200  319    263.81
  119  201  320    267.77
  119  202  321    270.77
  119  203  322    274.97
  119  204  323    278.36
  119  205  324    282.97
  119  206  325    286.58
  119  207  326    291.22
  119  208  327    294.94
  119  209  328    299.61
  119  210  329    303.39
  119  211  330    306.40
  119  212  331    310.25
  119  213  332    315.21
  119  214  333    321.18
  119  215  334    326.09
  119  216  335    330.08
  119  217  336    335.04
  119  218  337    338.96
  119  219  338    344.06
  119  220  339    348.14
  120  167  287    208.74
  120  168  288    207.61
  120  169  289    208.15
  120  170  290    207.32
  120  171  291    208.20
  120  172  292    207.76
  120  173  293    208.61
  120  174  294    208.23
  120  175  295    209.48
  120  176  296    209.92
  120  177  297    211.39
  120  178  298    211.66
  120  179  299    213.32
  120  180  300    214.14
  120  181  301    216.38
  120  182  302    217.62
  120  183  303    220.29
  120  184  304    221.83
  120  185  305    225.44
  120  186  306    227.09
  120  187  307    231.00
  120  188  308    233.04
  120  189  309    236.74
  120  190  310    238.94
  120  191  311    242.67
  120  192  312    244.76
  120  193  313    248.54
  120  194  314    250.67
  120  195  315    247.69
  120  196  316    249.74
  120  197  317    253.31
  120  198  318    255.71
  120  199  319    263.23
  120  200  320    265.72
  120  201  321    269.58
  120  202  322    272.28
  120  203  323    276.47
  120  204  324    279.61
  120  205  325    284.17
  120  206  326    287.48
  120  207  327    292.12
  120  208  328    295.53
  120  209  329    300.23
  120  210  330    303.83
  120  211  331    308.60
  120  212  332    312.25
  120  213  333    315.22
  120  214  334    321.24
  120  215  335    326.47
  120  216  336    330.02
  120  217  337    335.09
  120  218  338    338.73
  120  219  339    343.82
  121  169  290    217.46
  121  170  291    216.59
  121  171  292    217.07
  121  172  293    216.61
  121  173  294    217.31
  121  174  295    217.09
  121  175  296    218.04
  121  176  297    218.24
  121  177  298    219.51
  121  178  299    219.69
  121  179  300    221.01
  121  180  301    221.76
  121  181  302    223.76
  121  182  303    225.00
  121  183  304    227.37
  121  184  305    228.90
  121  185  306    232.47
  121  186  307    233.90
  121  187  308    237.40
  121  188  309    239.36
  121  189  310    242.61
  121  190  311    244.73
  121  191  312    248.04
  121  192  313    250.07
  121  193  314    253.48
  121  194  315    255.58
  121  195  316    252.06
  121  196  317    254.25
  121  197  318    257.40
  121  198  319    259.80
  121  199  320    266.97
  121  200  321    269.51
  121  201  322    273.17
  121  202  323    275.77
  121  203  324    279.80
  121  204  325    282.89
  121  205  326    287.25
  121  206  327    290.50
  121  207  328    294.89
  121  208  329    298.52
  121  209  330    302.73
  121  210  331    306.21
  121  211  332    310.79
  121  212  333    314.42
  121  213  334    317.18
  121  214  335    323.36
  121  215  336    328.12
  121  216  337    332.07
  121  217  338    336.78
  121  218  339    340.59
  122  172  294    224.38
  122  173  295    225.13
  122  174  296    224.69
  122  175  297    225.84
  122  176  298    225.57
  122  177  299    226.90
  122  178  300    226.33
  122  179  301    227.71
  122  180  302    228.13
  122  181  303    230.45
  122  182  304    231.38
  122  183  305    233.74
  122  184  306    234.97
  122  185  307    238.29
  122  186  308    239.70
  122  187  309    242.92
  122  188  310    244.62
  122  189  311    247.68
  122  190  312    249.40
  122  191  313    252.64
  122  192  314    254.30
  122  193  315    257.61
  122  194  316    259.37
  122  195  317    255.40
  122  196  318    257.14
  122  197  319    260.41
  122  198  320    262.52
  122  199  321    265.98
  122  200  322    272.03
  122  201  323    275.68
  122  202  324    277.98
  122  203  325    281.98
  122  204  326    284.78
  122  205  327    289.11
  122  206  328    292.11
  122  207  329    296.46
  122  208  330    299.59
  122  209  331    304.03
  122  210  332    307.22
  122  211  333    311.78
  122  212  334    315.15
  122  213  335    320.04
  122  214  336    324.05
  122  215  337    328.83
  122  216  338    332.33
  122  217  339    337.36
  123  174  297    234.01
  123  175  298    235.01
  123  176  299    234.65
  123  177  300    235.62
  123  178  301    234.93
  123  179  302    235.87
  123  180  303    235.79
  123  181  304    238.76
  123  182  305    239.66
  123  183  306    241.72
  123  184  307    242.97
  123  185  308    245.96
  123  186  309    247.31
  123  187  310    250.04
  123  188  311    251.60
  123  189  312    254.25
  123  190  313    255.90
  123  191  314    258.77
  123  192  315    260.38
  123  193  316    263.36
  123  194  317    265.08
  123  195  318    260.46
  123  196  319    262.33
  123  197  320    265.18
  123  198  321    267.26
  123  199  322    270.44
  123  200  323    276.47
  123  201  324    279.96
  123  202  325    282.23
  123  203  326    285.93
  123  204  327    288.73
  123  205  328    292.77
  123  206  329    295.75
  123  207  330    299.85
  123  208  331    302.97
  123  209  332    307.19
  123  210  333    310.38
  123  211  334    314.67
  123  212  335    318.00
  123  213  336    322.62
  123  214  337    326.67
  123  215  338    331.28
  123  216  339    334.76
  124  176  300    242.74
  124  177  301    243.53
  124  178  302    241.88
  124  179  303    242.78
  124  180  304    242.39
  124  181  305    243.57
  124  182  306    246.88
  124  183  307    248.93
  124  184  308    249.94
  124  185  309    252.65
  124  186  310    253.72
  124  187  311    256.22
  124  188  312    257.42
  124  189  313    259.99
  124  190  314    261.29
  124  191  315    264.09
  124  192  316    265.34
  124  193  317    261.91
  124  194  318    261.74
  124  195  319    264.49
  124  196  320    265.93
  124  197  321    268.87
  124  198  322    270.65
  124  199  323    273.80
  124  200  324    275.80
  124  201  325    283.21
  124  202  326    285.28
  124  203  327    288.88
  124  204  328    291.40
  124  205  329    295.40
  124  206  330    298.09
  124  207  331    302.13
  124  208  332    304.98
  124  209  333    309.17
  124  210  334    312.07
  124  211  335    316.35
  124  212  336    319.38
  124  213  337    324.00
  124  214  338    326.86
  124  215  339    332.59
  125  178  303    250.56
  125  179  304    251.22
  125  180  305    250.73
  125  181  306    255.51
  125  182  307    256.12
  125  183  308    257.95
  125  184  309    258.95
  125  185  310    261.21
  125  186  311    262.37
  125  187  312    264.23
  125  188  313    265.28
  125  189  314    267.49
  125  190  315    268.73
  125  191  316    271.11
  125  192  317    272.40
  125  193  318    267.90
  125  194  319    267.79
  125  195  320    270.26
  125  196  321    271.78
  125  197  322    274.30
  125  198  323    276.06
  125  199  324    278.92
  125  200  325    280.90
  125  201  326    288.19
  125  202  327    286.41
  125  203  328    293.54
  125  204  329    296.05
  125  205  330    299.76
  125  206  331    302.36
  125  207  332    306.20
  125  208  333    308.94
  125  209  334    312.95
  125  210  335    315.87
  125  211  336    319.89
  125  212  337    322.90
  125  213  338    327.21
  125  214  339    330.26
  126  180  306    257.99
  126  181  307    258.83
  126  182  308    264.13
  126  183  309    265.90
  126  184  310    266.31
  126  185  311    268.43
  126  186  312    268.89
  126  187  313    271.04
  126  188  314    271.83
  126  189  315    273.97
  126  190  316    274.88
  126  191  317    277.17
  126  192  318    278.17
  126  193  319    272.96
  126  194  320    274.40
  126  195  321    274.99
  126  196  322    276.08
  126  197  323    278.67
  126  198  324    280.11
  126  199  325    282.94
  126  200  326    284.63
  126  201  327    292.15
  126  202  328    293.92
  126  203  329    297.23
  126  204  330    299.42
  126  205  331    303.11
  126  206  332    305.47
  126  207  333    309.23
  126  208  334    311.83
  126  209  335    315.64
  126  210  336    318.26
  126  211  337    322.26
  126  212  338    325.00
  126  213  339    329.34
  127  183  310    275.64
  127  184  311    275.96
  127  185  312    277.61
  127  186  313    277.98
  127  187  314    279.79
  127  188  315    280.39
  127  189  316    282.32
  127  190  317    283.17
  127  191  318    276.14
  127  192  319    277.25
  127  193  320    279.70
  127  194  321    281.12
  127  195  322    281.46
  127  196  323    282.50
  127  197  324    284.81
  127  198  325    286.24
  127  199  326    288.80
  127  200  327    290.46
  127  201  328    293.35
  127  202  329    295.36
  127  203  330    302.60
  127  204  331    304.77
  127  205  332    308.17
  127  206  333    310.52
  127  207  334    314.02
  127  208  335    316.46
  127  209  336    320.05
  127  210  337    322.65
  127  211  338    326.43
  127  212  339    329.15
  128  185  313    285.38
  128  186  314    285.56
  128  187  315    287.19
  128  188  316    287.61
  128  189  317    289.35
  128  190  318    289.89
  128  191  319    282.37
  128  192  320    283.24
  128  193  321    285.61
  128  194  322    286.75
  128  195  323    289.49
  128  196  324    287.60
  128  197  325    289.89
  128  198  326    290.99
  128  199  327    293.48
  128  200  328    294.86
  128  201  329    297.73
  128  202  330    299.45
  128  203  331    307.10
  128  204  332    308.94
  128  205  333    312.25
  128  206  334    314.35
  128  207  335    317.76
  128  208  336    319.98
  128  209  337    323.59
  128  210  338    325.92
  128  211  339    329.49
  129  187  316    296.53
  129  188  317    296.78
  129  189  318    288.14
  129  190  319    288.56
  129  191  320    290.39
  129  192  321    291.23
  129  193  322    293.26
  129  194  323    294.35
  129  195  324    296.77
  129  196  325    294.70
  129  197  326    296.68
  129  198  327    297.77
  129  199  328    299.97
  129  200  329    301.32
  129  201  330    303.90
  129  202  331    305.61
  129  203  332    313.17
  129  204  333    315.00
  129  205  334    318.02
  129  206  335    320.10
  129  207  336    323.31
  129  208  337    325.60
  129  209  338    329.08
  129  210  339    330.86
  130  189  319    305.95
  130  190  320    306.12
  130  191  321    297.60
  130  192  322    298.05
  130  193  323    300.12
  130  194  324    300.84
  130  195  325    299.98
  130  196  326    300.52
  130  197  327    302.47
  130  198  328    303.27
  130  199  329    305.46
  130  200  330    306.52
  130  201  331    314.46
  130  202  332    310.49
  130  203  333    318.26
  130  204  334    319.80
  130  205  335    322.84
  130  206  336    324.61
  130  207  337    327.63
  130  208  338    329.54
  130  209  339    333.08
  131  192  323    306.67
  131  193  324    308.50
  131  194  325    309.25
  131  195  326    307.78
  131  196  327    308.31
  131  197  328    309.96
  131  198  329    310.72
  131  199  330    312.63
  131  200  331    313.65
  131  201  332    315.93
  131  202  333    317.31
  131  203  334    325.03
  131  204  335    326.64
  131  205  336    329.30
  131  206  337    330.62
  131  207  338    333.57
  131  208  339    335.52
  132  194  326    316.48
  132  195  327    314.59
  132  196  328    314.83
  132  197  329    316.45
  132  198  330    316.93
  132  199  331    318.81
  132  200  332    319.54
  132  201  333    327.64
  132  202  334    328.48
  132  203  335    330.77
  132  204  336    332.12
  132  205  337    334.81
  132  206  338    336.27
  132  207  339    338.59
  133  196  329    323.27
  133  197  330    324.61
  133  198  331    325.06
  133  199  332    326.65
  133  200  333    332.80
  133  201  334    335.40
  133  202  335    336.34
  133  203  336    338.20
  133  204  337    339.41
  133  205  338    341.93
  133  206  339    342.57
  134  198  332    337.21
  134  199  333    339.08
  134  200  334    339.57
  134  201  335    342.19
  134  202  336    342.65
  134  203  337    344.65
  134  204  338    345.52
  134  205  339    347.87
  135  201  336    350.58
  135  202  337    351.04
  135  203  338    352.67
  135  204  339    353.55
  136  203  339    359.66
